utc_timestamp,DE_KN_public1_grid_import,cet_cest_timestamp,interpolated
2016-06-01T00:00:00Z,547.188,2016-06-01T02:00:00+0200,DE_KN_residential5_refrigerator | DE_KN_residential5_washing_machine | DE_KN_residential5_grid_import | DE_KN_residential5_dishwasher
2016-06-01T01:00:00Z,548.336,2016-06-01T03:00:00+0200,DE_KN_residential5_refrigerator | DE_KN_residential5_washing_machine | DE_KN_residential5_grid_import | DE_KN_residential5_dishwasher
2016-06-01T02:00:00Z,549.469,2016-06-01T04:00:00+0200,DE_KN_residential5_refrigerator | DE_KN_residential5_washing_machine | DE_KN_residential5_grid_import | DE_KN_residential5_dishwasher
2016-06-01T03:00:00Z,551.176,2016-06-01T05:00:00+0200,DE_KN_residential3_dishwasher | DE_KN_residential5_refrigerator | DE_KN_residential5_dishwasher | DE_KN_residential5_grid_import | DE_KN_residential5_washing_machine
2016-06-01T04:00:00Z,552.124,2016-06-01T06:00:00+0200,DE_KN_residential5_dishwasher | DE_KN_residential5_refrigerator | DE_KN_residential3_dishwasher | DE_KN_residential5_grid_import | DE_KN_residential5_washing_machine
2016-06-01T05:00:00Z,556.159,2016-06-01T07:00:00+0200,DE_KN_residential5_refrigerator | DE_KN_residential5_washing_machine | DE_KN_residential5_grid_import | DE_KN_residential5_dishwasher
2016-06-01T06:00:00Z,567.728,2016-06-01T08:00:00+0200,DE_KN_residential5_refrigerator | DE_KN_residential5_washing_machine | DE_KN_residential5_grid_import | DE_KN_residential5_dishwasher
2016-06-01T07:00:00Z,582.066,2016-06-01T09:00:00+0200,DE_KN_residential5_dishwasher | DE_KN_residential5_refrigerator | DE_KN_residential5_grid_import | DE_KN_residential5_washing_machine | DE_KN_residential2_circulation_pump
2016-06-01T08:00:00Z,588.830,2016-06-01T10:00:00+0200,DE_KN_residential3_dishwasher | DE_KN_residential5_refrigerator | DE_KN_residential5_dishwasher | DE_KN_residential5_grid_import | DE_KN_residential5_washing_machine
2016-06-01T09:00:00Z,594.621,2016-06-01T11:00:00+0200,DE_KN_residential5_dishwasher | DE_KN_residential5_refrigerator | DE_KN_residential5_grid_import | DE_KN_residential5_washing_machine | DE_KN_residential2_circulation_pump
2016-06-01T10:00:00Z,600.786,2016-06-01T12:00:00+0200,DE_KN_residential5_refrigerator | DE_KN_residential5_washing_machine | DE_KN_residential5_grid_import | DE_KN_residential5_dishwasher
2016-06-01T11:00:00Z,606.009,2016-06-01T13:00:00+0200,DE_KN_residential5_dishwasher | DE_KN_residential5_refrigerator | DE_KN_residential4_grid_import | DE_KN_residential4_grid_export | DE_KN_residential5_grid_import | DE_KN_residential5_washing_machine | DE_KN_residential2_circulation_pump
2016-06-01T12:00:00Z,611.004,2016-06-01T14:00:00+0200,DE_KN_residential4_grid_import | DE_KN_residential5_dishwasher | DE_KN_residential5_refrigerator | DE_KN_residential4_grid_export | DE_KN_residential5_grid_import | DE_KN_residential5_washing_machine | DE_KN_residential2_circulation_pump
2016-06-01T13:00:00Z,612.996,2016-06-01T15:00:00+0200,DE_KN_residential5_refrigerator | DE_KN_residential5_washing_machine | DE_KN_residential5_grid_import | DE_KN_residential5_dishwasher
2016-06-01T14:00:00Z,613.945,2016-06-01T16:00:00+0200,DE_KN_residential1_freezer | DE_KN_residential5_dishwasher | DE_KN_residential5_refrigerator | DE_KN_residential5_grid_import | DE_KN_residential5_washing_machine
2016-06-01T15:00:00Z,614.865,2016-06-01T17:00:00+0200,DE_KN_residential1_freezer | DE_KN_residential5_dishwasher | DE_KN_residential5_refrigerator | DE_KN_residential5_grid_import | DE_KN_residential5_washing_machine
2016-06-01T16:00:00Z,617.790,2016-06-01T18:00:00+0200,DE_KN_residential1_freezer | DE_KN_residential5_dishwasher | DE_KN_residential5_refrigerator | DE_KN_residential4_grid_export | DE_KN_residential5_grid_import | DE_KN_residential5_washing_machine
2016-06-01T17:00:00Z,620.083,2016-06-01T19:00:00+0200,DE_KN_residential5_dishwasher | DE_KN_residential5_refrigerator | DE_KN_residential3_dishwasher | DE_KN_residential4_grid_export | DE_KN_residential5_grid_import | DE_KN_residential5_washing_machine
2016-06-01T18:00:00Z,621.976,2016-06-01T20:00:00+0200,DE_KN_residential5_dishwasher | DE_KN_residential5_refrigerator | DE_KN_residential3_dishwasher | DE_KN_residential5_grid_import | DE_KN_residential4_ev | DE_KN_residential5_washing_machine
2016-06-01T19:00:00Z,622.996,2016-06-01T21:00:00+0200,DE_KN_residential5_dishwasher | DE_KN_residential5_refrigerator | DE_KN_residential5_grid_import | DE_KN_residential4_ev | DE_KN_residential5_washing_machine | DE_KN_residential2_circulation_pump
2016-06-01T20:00:00Z,624.146,2016-06-01T22:00:00+0200,DE_KN_residential5_dishwasher | DE_KN_residential5_refrigerator | DE_KN_residential5_grid_import | DE_KN_residential5_washing_machine | DE_KN_residential2_circulation_pump
2016-06-01T21:00:00Z,625.309,2016-06-01T23:00:00+0200,DE_KN_residential5_refrigerator | DE_KN_residential5_washing_machine | DE_KN_residential5_grid_import | DE_KN_residential5_dishwasher
2016-06-01T22:00:00Z,626.459,2016-06-02T00:00:00+0200,DE_KN_residential5_dishwasher | DE_KN_residential5_refrigerator | DE_KN_residential3_dishwasher | DE_KN_residential4_grid_export | DE_KN_residential4_grid_import | DE_KN_residential5_grid_import | DE_KN_residential5_washing_machine | DE_KN_residential2_circulation_pump
2016-06-01T23:00:00Z,627.649,2016-06-02T01:00:00+0200,DE_KN_residential5_dishwasher | DE_KN_residential5_refrigerator | DE_KN_residential5_grid_import | DE_KN_residential5_washing_machine | DE_KN_residential2_circulation_pump
2016-06-02T00:00:00Z,628.778,2016-06-02T02:00:00+0200,DE_KN_residential5_dishwasher | DE_KN_residential5_refrigerator | DE_KN_residential4_grid_import | DE_KN_residential4_grid_export | DE_KN_residential5_grid_import | DE_KN_residential5_washing_machine
2016-06-02T01:00:00Z,629.928,2016-06-02T03:00:00+0200,DE_KN_residential3_washing_machine | DE_KN_residential5_dishwasher | DE_KN_residential5_refrigerator | DE_KN_residential5_grid_import | DE_KN_residential5_washing_machine | DE_KN_residential2_circulation_pump
2016-06-02T02:00:00Z,631.129,2016-06-02T04:00:00+0200,DE_KN_residential5_dishwasher | DE_KN_residential5_refrigerator | DE_KN_residential3_dishwasher | DE_KN_residential5_grid_import | DE_KN_residential5_washing_machine | DE_KN_residential2_circulation_pump
2016-06-02T03:00:00Z,632.076,2016-06-02T05:00:00+0200,DE_KN_residential5_dishwasher | DE_KN_residential5_refrigerator | DE_KN_residential3_dishwasher | DE_KN_residential5_grid_import | DE_KN_residential5_washing_machine
2016-06-02T04:00:00Z,632.983,2016-06-02T06:00:00+0200,DE_KN_residential5_refrigerator | DE_KN_residential5_washing_machine | DE_KN_residential5_grid_import | DE_KN_residential5_dishwasher
2016-06-02T05:00:00Z,636.346,2016-06-02T07:00:00+0200,DE_KN_residential3_washing_machine | DE_KN_residential5_dishwasher | DE_KN_residential5_refrigerator | DE_KN_residential5_grid_import | DE_KN_residential5_washing_machine
2016-06-02T06:00:00Z,646.161,2016-06-02T08:00:00+0200,DE_KN_residential3_washing_machine | DE_KN_residential1_freezer | DE_KN_residential5_dishwasher | DE_KN_residential5_refrigerator | DE_KN_residential5_grid_import | DE_KN_residential5_washing_machine
2016-06-02T07:00:00Z,657.861,2016-06-02T09:00:00+0200,DE_KN_residential5_refrigerator | DE_KN_residential5_washing_machine | DE_KN_residential5_grid_import | DE_KN_residential5_dishwasher
2016-06-02T08:00:00Z,668.444,2016-06-02T10:00:00+0200,DE_KN_residential5_dishwasher | DE_KN_residential5_refrigerator | DE_KN_residential4_grid_import | DE_KN_residential4_grid_export | DE_KN_residential5_grid_import | DE_KN_residential5_washing_machine
2016-06-02T09:00:00Z,682.603,2016-06-02T11:00:00+0200,DE_KN_residential5_dishwasher | DE_KN_residential5_refrigerator | DE_KN_residential5_grid_import | DE_KN_residential5_washing_machine | DE_KN_residential2_circulation_pump
2016-06-02T10:00:00Z,695.984,2016-06-02T12:00:00+0200,DE_KN_residential5_refrigerator | DE_KN_residential5_washing_machine | DE_KN_residential5_grid_import | DE_KN_residential5_dishwasher
2016-06-02T11:00:00Z,703.989,2016-06-02T13:00:00+0200,DE_KN_residential1_freezer | DE_KN_residential5_dishwasher | DE_KN_residential5_refrigerator | DE_KN_residential4_grid_import | DE_KN_residential4_grid_export | DE_KN_residential5_grid_import | DE_KN_residential1_washing_machine | DE_KN_residential5_washing_machine | DE_KN_residential1_dishwasher
2016-06-02T12:00:00Z,714.246,2016-06-02T14:00:00+0200,DE_KN_residential3_refrigerator | DE_KN_residential1_dishwasher | DE_KN_residential1_freezer | DE_KN_residential1_washing_machine
2016-06-02T13:00:00Z,720.208,2016-06-02T15:00:00+0200,DE_KN_residential5_dishwasher | DE_KN_residential5_refrigerator | DE_KN_residential3_refrigerator | DE_KN_residential5_grid_import | DE_KN_residential5_washing_machine
2016-06-02T14:00:00Z,724.710,2016-06-02T16:00:00+0200,DE_KN_residential5_refrigerator | DE_KN_residential5_washing_machine | DE_KN_residential5_grid_import | DE_KN_residential5_dishwasher
2016-06-02T15:00:00Z,728.398,2016-06-02T17:00:00+0200,DE_KN_residential3_dishwasher | DE_KN_residential5_refrigerator | DE_KN_residential5_dishwasher | DE_KN_residential4_grid_export | DE_KN_residential4_grid_import | DE_KN_residential5_grid_import | DE_KN_residential5_washing_machine
2016-06-02T16:00:00Z,731.329,2016-06-02T18:00:00+0200,DE_KN_residential5_dishwasher | DE_KN_residential5_refrigerator | DE_KN_residential4_grid_import | DE_KN_residential4_grid_export | DE_KN_residential5_grid_import | DE_KN_residential5_washing_machine
2016-06-02T17:00:00Z,732.969,2016-06-02T19:00:00+0200,DE_KN_residential5_refrigerator | DE_KN_residential5_washing_machine | DE_KN_residential5_grid_import | DE_KN_residential5_dishwasher
2016-06-02T18:00:00Z,734.153,2016-06-02T20:00:00+0200,DE_KN_residential5_refrigerator | DE_KN_residential5_washing_machine | DE_KN_residential5_grid_import | DE_KN_residential5_dishwasher
2016-06-02T19:00:00Z,735.379,2016-06-02T21:00:00+0200,DE_KN_residential3_dishwasher | DE_KN_residential5_refrigerator | DE_KN_residential5_dishwasher | DE_KN_residential5_grid_import | DE_KN_residential5_washing_machine
2016-06-02T20:00:00Z,736.773,2016-06-02T22:00:00+0200,DE_KN_residential5_dishwasher | DE_KN_residential5_refrigerator | DE_KN_residential5_grid_import | DE_KN_residential5_washing_machine | DE_KN_residential2_circulation_pump
2016-06-02T21:00:00Z,738.171,2016-06-02T23:00:00+0200,DE_KN_residential5_refrigerator | DE_KN_residential5_washing_machine | DE_KN_residential5_grid_import | DE_KN_residential5_dishwasher
2016-06-02T22:00:00Z,739.581,2016-06-03T00:00:00+0200,DE_KN_residential5_dishwasher | DE_KN_residential5_refrigerator | DE_KN_residential3_dishwasher | DE_KN_residential5_grid_import | DE_KN_residential5_washing_machine | DE_KN_residential2_circulation_pump
2016-06-02T23:00:00Z,740.994,2016-06-03T01:00:00+0200,DE_KN_residential5_dishwasher | DE_KN_residential5_refrigerator | DE_KN_residential3_dishwasher | DE_KN_residential5_grid_import | DE_KN_residential5_washing_machine
2016-06-03T00:00:00Z,742.370,2016-06-03T02:00:00+0200,DE_KN_residential5_dishwasher | DE_KN_residential5_refrigerator | DE_KN_residential5_grid_import | DE_KN_residential5_washing_machine | DE_KN_residential2_circulation_pump
2016-06-03T01:00:00Z,743.724,2016-06-03T03:00:00+0200,DE_KN_residential4_grid_import | DE_KN_residential5_dishwasher | DE_KN_residential5_refrigerator | DE_KN_residential4_grid_export | DE_KN_residential5_grid_import | DE_KN_residential5_washing_machine | DE_KN_residential2_circulation_pump
2016-06-03T02:00:00Z,745.120,2016-06-03T04:00:00+0200,DE_KN_residential1_freezer | DE_KN_residential5_dishwasher | DE_KN_residential5_refrigerator | DE_KN_residential4_grid_import | DE_KN_residential4_grid_export | DE_KN_residential5_grid_import | DE_KN_residential1_washing_machine | DE_KN_residential5_washing_machine | DE_KN_residential1_dishwasher
2016-06-03T03:00:00Z,746.248,2016-06-03T05:00:00+0200,DE_KN_residential5_dishwasher | DE_KN_residential5_refrigerator | DE_KN_residential4_grid_import | DE_KN_residential4_grid_export | DE_KN_residential3_dishwasher | DE_KN_residential5_grid_import | DE_KN_residential5_washing_machine | DE_KN_residential2_circulation_pump
2016-06-03T04:00:00Z,747.416,2016-06-03T06:00:00+0200,DE_KN_residential5_dishwasher | DE_KN_residential5_refrigerator | DE_KN_residential4_grid_import | DE_KN_residential4_grid_export | DE_KN_residential5_grid_import | DE_KN_residential5_washing_machine
2016-06-03T05:00:00Z,751.165,2016-06-03T07:00:00+0200,DE_KN_residential5_dishwasher | DE_KN_residential5_refrigerator | DE_KN_residential5_grid_import | DE_KN_residential1_washing_machine | DE_KN_residential5_washing_machine
2016-06-03T06:00:00Z,758.256,2016-06-03T08:00:00+0200,DE_KN_residential5_dishwasher | DE_KN_residential5_refrigerator | DE_KN_residential5_grid_import | DE_KN_residential1_washing_machine | DE_KN_residential5_washing_machine | DE_KN_residential2_circulation_pump
2016-06-03T07:00:00Z,764.405,2016-06-03T09:00:00+0200,DE_KN_residential1_freezer | DE_KN_residential5_dishwasher | DE_KN_residential5_refrigerator | DE_KN_residential5_grid_import | DE_KN_residential5_washing_machine | DE_KN_residential2_circulation_pump
2016-06-03T08:00:00Z,767.921,2016-06-03T10:00:00+0200,DE_KN_residential5_refrigerator | DE_KN_residential5_washing_machine | DE_KN_residential5_grid_import | DE_KN_residential5_dishwasher
2016-06-03T09:00:00Z,770.696,2016-06-03T11:00:00+0200,DE_KN_residential5_dishwasher | DE_KN_residential5_refrigerator | DE_KN_residential5_grid_import | DE_KN_residential5_washing_machine | DE_KN_residential2_circulation_pump
2016-06-03T10:00:00Z,774.779,2016-06-03T12:00:00+0200,DE_KN_residential5_dishwasher | DE_KN_residential5_refrigerator | DE_KN_residential5_grid_import | DE_KN_residential5_washing_machine | DE_KN_residential2_circulation_pump
2016-06-03T11:00:00Z,779.401,2016-06-03T13:00:00+0200,DE_KN_residential5_dishwasher | DE_KN_residential5_refrigerator | DE_KN_residential5_grid_import | DE_KN_residential5_washing_machine | DE_KN_industrial1_grid_import
2016-06-03T12:00:00Z,782.935,2016-06-03T14:00:00+0200,DE_KN_industrial1_grid_import
2016-06-03T13:00:00Z,783.945,2016-06-03T15:00:00+0200,DE_KN_public1_grid_import | DE_KN_residential4_grid_export | DE_KN_industrial1_grid_import
2016-06-03T14:00:00Z,785.016,2016-06-03T16:00:00+0200,DE_KN_residential4_grid_export | DE_KN_industrial1_grid_import
2016-06-03T15:00:00Z,786.066,2016-06-03T17:00:00+0200,DE_KN_residential4_grid_export | DE_KN_industrial1_grid_import | DE_KN_residential4_grid_import
2016-06-03T16:00:00Z,787.046,2016-06-03T18:00:00+0200,DE_KN_residential4_grid_export | DE_KN_industrial1_grid_import | DE_KN_residential4_grid_import
2016-06-03T17:00:00Z,788.105,2016-06-03T19:00:00+0200,DE_KN_industrial1_grid_import | DE_KN_residential5_dishwasher
2016-06-03T18:00:00Z,789.185,2016-06-03T20:00:00+0200,DE_KN_industrial1_grid_import | DE_KN_residential5_dishwasher
2016-06-03T19:00:00Z,790.248,2016-06-03T21:00:00+0200,DE_KN_residential4_grid_export | DE_KN_industrial1_grid_import | DE_KN_residential4_grid_import
2016-06-03T20:00:00Z,791.459,2016-06-03T22:00:00+0200,DE_KN_industrial1_grid_import | DE_KN_residential3_dishwasher
2016-06-03T21:00:00Z,792.788,2016-06-03T23:00:00+0200,DE_KN_residential2_circulation_pump | DE_KN_residential5_dishwasher | DE_KN_industrial1_grid_import | DE_KN_residential3_dishwasher
2016-06-03T22:00:00Z,794.059,2016-06-04T00:00:00+0200,DE_KN_residential3_refrigerator | DE_KN_industrial1_grid_import
2016-06-03T23:00:00Z,795.268,2016-06-04T01:00:00+0200,DE_KN_residential3_refrigerator | DE_KN_industrial1_grid_import
2016-06-04T00:00:00Z,796.549,2016-06-04T02:00:00+0200,DE_KN_residential1_freezer | DE_KN_residential3_dishwasher | DE_KN_residential3_refrigerator | DE_KN_residential1_washing_machine | DE_KN_residential1_dishwasher | DE_KN_industrial1_grid_import
2016-06-04T01:00:00Z,797.868,2016-06-04T03:00:00+0200,DE_KN_residential1_dishwasher | DE_KN_residential1_freezer | DE_KN_residential1_washing_machine
2016-06-04T02:00:00Z,799.088,2016-06-04T04:00:00+0200,DE_KN_residential1_dishwasher | DE_KN_residential1_freezer | DE_KN_residential1_washing_machine
2016-06-04T03:00:00Z,800.156,2016-06-04T05:00:00+0200,DE_KN_residential1_freezer | DE_KN_residential3_refrigerator | DE_KN_residential1_washing_machine | DE_KN_residential1_dishwasher | DE_KN_industrial1_grid_import
2016-06-04T04:00:00Z,801.776,2016-06-04T06:00:00+0200,DE_KN_industrial1_grid_import
2016-06-04T05:00:00Z,804.045,2016-06-04T07:00:00+0200,DE_KN_residential3_refrigerator | DE_KN_industrial1_grid_import
2016-06-04T06:00:00Z,805.178,2016-06-04T08:00:00+0200,DE_KN_industrial1_grid_import | DE_KN_residential5_dishwasher
2016-06-04T07:00:00Z,806.195,2016-06-04T09:00:00+0200,DE_KN_residential4_grid_export | DE_KN_residential3_dishwasher | DE_KN_industrial1_grid_import | DE_KN_residential4_grid_import
2016-06-04T08:00:00Z,807.185,2016-06-04T10:00:00+0200,DE_KN_industrial1_grid_import | DE_KN_residential3_dishwasher
2016-06-04T09:00:00Z,808.226,2016-06-04T11:00:00+0200,DE_KN_industrial1_grid_import
2016-06-04T10:00:00Z,809.256,2016-06-04T12:00:00+0200,DE_KN_residential4_grid_export | DE_KN_industrial1_grid_import | DE_KN_residential4_grid_import
2016-06-04T11:00:00Z,810.959,2016-06-04T13:00:00+0200,DE_KN_industrial1_grid_import | DE_KN_residential3_dishwasher
2016-06-04T12:00:00Z,812.115,2016-06-04T14:00:00+0200,DE_KN_industrial1_grid_import
2016-06-04T13:00:00Z,813.206,2016-06-04T15:00:00+0200,DE_KN_industrial1_grid_import
2016-06-04T14:00:00Z,814.193,2016-06-04T16:00:00+0200,DE_KN_industrial1_grid_import | DE_KN_residential5_dishwasher
2016-06-04T15:00:00Z,815.256,2016-06-04T17:00:00+0200,DE_KN_industrial1_grid_import
2016-06-04T16:00:00Z,816.285,2016-06-04T18:00:00+0200,DE_KN_residential1_freezer | DE_KN_industrial1_grid_import
2016-06-04T17:00:00Z,817.283,2016-06-04T19:00:00+0200,DE_KN_residential1_freezer | DE_KN_residential5_dishwasher
2016-06-04T18:00:00Z,818.316,2016-06-04T20:00:00+0200,DE_KN_industrial1_grid_import | DE_KN_residential5_dishwasher
2016-06-04T19:00:00Z,819.386,2016-06-04T21:00:00+0200,DE_KN_industrial1_grid_import
2016-06-04T20:00:00Z,820.368,2016-06-04T22:00:00+0200,DE_KN_industrial1_grid_import
2016-06-04T21:00:00Z,821.445,2016-06-04T23:00:00+0200,DE_KN_industrial1_grid_import
2016-06-04T22:00:00Z,822.438,2016-06-05T00:00:00+0200,DE_KN_industrial1_grid_import | DE_KN_residential2_circulation_pump
2016-06-04T23:00:00Z,823.506,2016-06-05T01:00:00+0200,DE_KN_industrial1_grid_import
2016-06-05T00:00:00Z,824.535,2016-06-05T02:00:00+0200,DE_KN_industrial1_grid_import
2016-06-05T01:00:00Z,825.525,2016-06-05T03:00:00+0200,DE_KN_public1_grid_import | DE_KN_industrial1_grid_import | DE_KN_residential3_dishwasher
2016-06-05T02:00:00Z,826.626,2016-06-05T04:00:00+0200,DE_KN_industrial1_grid_import | DE_KN_residential3_dishwasher
2016-06-05T03:00:00Z,827.605,2016-06-05T05:00:00+0200,DE_KN_industrial1_grid_import
2016-06-05T04:00:00Z,828.605,2016-06-05T06:00:00+0200,DE_KN_industrial1_grid_import | DE_KN_residential5_dishwasher
2016-06-05T05:00:00Z,829.636,2016-06-05T07:00:00+0200,DE_KN_industrial1_grid_import | DE_KN_residential5_dishwasher
2016-06-05T06:00:00Z,830.643,2016-06-05T08:00:00+0200,DE_KN_residential3_dishwasher | DE_KN_industrial1_grid_import | DE_KN_residential5_dishwasher
2016-06-05T07:00:00Z,831.666,2016-06-05T09:00:00+0200,DE_KN_industrial1_grid_import
2016-06-05T08:00:00Z,832.683,2016-06-05T10:00:00+0200,DE_KN_industrial1_grid_import
2016-06-05T09:00:00Z,833.716,2016-06-05T11:00:00+0200,DE_KN_industrial1_grid_import
2016-06-05T10:00:00Z,835.355,2016-06-05T12:00:00+0200,DE_KN_industrial1_grid_import
2016-06-05T11:00:00Z,836.306,2016-06-05T13:00:00+0200,DE_KN_residential1_freezer | DE_KN_residential5_dishwasher | DE_KN_residential1_washing_machine | DE_KN_residential1_dishwasher | DE_KN_industrial1_grid_import
2016-06-05T12:00:00Z,837.336,2016-06-05T14:00:00+0200,DE_KN_residential1_freezer | DE_KN_residential4_grid_import | DE_KN_residential4_grid_export | DE_KN_residential1_washing_machine | DE_KN_residential1_dishwasher | DE_KN_industrial1_grid_import
2016-06-05T13:00:00Z,838.386,2016-06-05T15:00:00+0200,DE_KN_residential4_grid_export | DE_KN_industrial1_grid_import | DE_KN_residential4_grid_import
2016-06-05T14:00:00Z,839.376,2016-06-05T16:00:00+0200,DE_KN_industrial1_grid_import | DE_KN_residential5_dishwasher
2016-06-05T15:00:00Z,840.406,2016-06-05T17:00:00+0200,DE_KN_residential1_freezer | DE_KN_residential5_dishwasher | DE_KN_residential1_washing_machine | DE_KN_residential1_dishwasher | DE_KN_industrial1_grid_import
2016-06-05T16:00:00Z,841.456,2016-06-05T18:00:00+0200,DE_KN_residential1_freezer | DE_KN_residential5_dishwasher | DE_KN_residential4_grid_import | DE_KN_residential4_grid_export | DE_KN_residential1_washing_machine | DE_KN_residential1_dishwasher | DE_KN_industrial1_grid_import
2016-06-05T17:00:00Z,842.459,2016-06-05T19:00:00+0200,DE_KN_residential1_dishwasher | DE_KN_residential1_freezer | DE_KN_residential1_washing_machine
2016-06-05T18:00:00Z,843.476,2016-06-05T20:00:00+0200,DE_KN_residential1_dishwasher | DE_KN_residential1_freezer | DE_KN_residential1_washing_machine
2016-06-05T19:00:00Z,844.508,2016-06-05T21:00:00+0200,DE_KN_residential1_dishwasher | DE_KN_residential1_freezer | DE_KN_residential1_washing_machine
2016-06-05T20:00:00Z,845.831,2016-06-05T22:00:00+0200,DE_KN_residential1_dishwasher | DE_KN_residential1_freezer | DE_KN_residential1_washing_machine
2016-06-05T21:00:00Z,847.049,2016-06-05T23:00:00+0200,DE_KN_residential1_freezer | DE_KN_residential5_dishwasher | DE_KN_residential1_washing_machine | DE_KN_residential1_dishwasher | DE_KN_industrial1_grid_import
2016-06-05T22:00:00Z,848.299,2016-06-06T00:00:00+0200,DE_KN_residential2_circulation_pump | DE_KN_industrial1_grid_import | DE_KN_residential5_dishwasher
2016-06-05T23:00:00Z,849.559,2016-06-06T01:00:00+0200,DE_KN_residential4_grid_export | DE_KN_industrial1_grid_import | DE_KN_residential4_grid_import
2016-06-06T00:00:00Z,850.829,2016-06-06T02:00:00+0200,DE_KN_residential1_washing_machine | DE_KN_residential1_dishwasher | DE_KN_residential1_freezer | DE_KN_industrial1_grid_import
2016-06-06T01:00:00Z,852.091,2016-06-06T03:00:00+0200,DE_KN_residential1_dishwasher | DE_KN_residential1_freezer | DE_KN_residential1_washing_machine
2016-06-06T02:00:00Z,853.316,2016-06-06T04:00:00+0200,DE_KN_residential1_dishwasher | DE_KN_residential1_freezer | DE_KN_residential1_washing_machine
2016-06-06T03:00:00Z,854.296,2016-06-06T05:00:00+0200,DE_KN_residential1_dishwasher | DE_KN_residential1_freezer | DE_KN_residential1_washing_machine
2016-06-06T04:00:00Z,855.374,2016-06-06T06:00:00+0200,DE_KN_residential1_dishwasher | DE_KN_residential1_freezer | DE_KN_residential1_washing_machine
2016-06-06T05:00:00Z,858.201,2016-06-06T07:00:00+0200,DE_KN_residential1_dishwasher | DE_KN_residential1_freezer | DE_KN_residential1_washing_machine
2016-06-06T06:00:00Z,866.388,2016-06-06T08:00:00+0200,DE_KN_residential1_dishwasher | DE_KN_residential1_freezer | DE_KN_residential1_washing_machine
2016-06-06T07:00:00Z,876.113,2016-06-06T09:00:00+0200,DE_KN_residential1_freezer | DE_KN_residential1_washing_machine | DE_KN_residential1_dishwasher | DE_KN_industrial1_grid_import | DE_KN_residential2_circulation_pump
2016-06-06T08:00:00Z,880.641,2016-06-06T10:00:00+0200,DE_KN_residential4_grid_export | DE_KN_residential4_grid_import | DE_KN_industrial1_grid_import | DE_KN_residential2_circulation_pump
2016-06-06T09:00:00Z,883.239,2016-06-06T11:00:00+0200,DE_KN_residential4_grid_export | DE_KN_industrial1_grid_import | DE_KN_residential4_grid_import
2016-06-06T10:00:00Z,887.365,2016-06-06T12:00:00+0200,DE_KN_residential2_circulation_pump | DE_KN_industrial1_grid_import | DE_KN_residential3_dishwasher
2016-06-06T11:00:00Z,892.583,2016-06-06T13:00:00+0200,DE_KN_residential5_dishwasher | DE_KN_industrial1_grid_import | DE_KN_residential2_circulation_pump
2016-06-06T12:00:00Z,899.445,2016-06-06T14:00:00+0200,DE_KN_residential4_grid_export | DE_KN_residential4_grid_import | DE_KN_industrial1_grid_import | DE_KN_residential2_circulation_pump
2016-06-06T13:00:00Z,903.588,2016-06-06T15:00:00+0200,DE_KN_residential4_grid_export | DE_KN_industrial1_grid_import
2016-06-06T14:00:00Z,905.283,2016-06-06T16:00:00+0200,DE_KN_residential4_grid_export | DE_KN_industrial1_grid_import | DE_KN_residential3_dishwasher
2016-06-06T15:00:00Z,906.676,2016-06-06T17:00:00+0200,DE_KN_industrial1_grid_import | DE_KN_residential5_dishwasher
2016-06-06T16:00:00Z,907.796,2016-06-06T18:00:00+0200,DE_KN_residential4_grid_export | DE_KN_residential5_dishwasher | DE_KN_industrial1_grid_import | DE_KN_residential4_grid_import
2016-06-06T17:00:00Z,909.046,2016-06-06T19:00:00+0200,DE_KN_industrial1_grid_import | DE_KN_residential5_dishwasher
2016-06-06T18:00:00Z,910.126,2016-06-06T20:00:00+0200,DE_KN_residential4_grid_export | DE_KN_residential4_grid_import | DE_KN_industrial1_grid_import | DE_KN_residential5_dishwasher
2016-06-06T19:00:00Z,911.209,2016-06-06T21:00:00+0200,DE_KN_industrial1_grid_import | DE_KN_residential2_circulation_pump
2016-06-06T20:00:00Z,912.489,2016-06-06T22:00:00+0200,DE_KN_residential4_grid_import | DE_KN_industrial1_grid_import | DE_KN_residential2_circulation_pump
2016-06-06T21:00:00Z,913.709,2016-06-06T23:00:00+0200,DE_KN_industrial1_grid_import
2016-06-06T22:00:00Z,914.820,2016-06-07T00:00:00+0200,DE_KN_residential4_grid_import | DE_KN_residential4_grid_export | DE_KN_public1_grid_import | DE_KN_industrial1_grid_import | DE_KN_residential2_circulation_pump
2016-06-06T23:00:00Z,915.925,2016-06-07T01:00:00+0200,DE_KN_public1_grid_import | DE_KN_residential3_dishwasher | DE_KN_residential2_circulation_pump
2016-06-07T00:00:00Z,917.090,2016-06-07T02:00:00+0200,DE_KN_public1_grid_import | DE_KN_residential5_dishwasher
2016-06-07T01:00:00Z,918.210,2016-06-07T03:00:00+0200,DE_KN_public1_grid_import
2016-06-07T02:00:00Z,919.358,2016-06-07T04:00:00+0200,DE_KN_residential2_circulation_pump | DE_KN_public1_grid_import | DE_KN_residential5_dishwasher | DE_KN_residential3_dishwasher
2016-06-07T03:00:00Z,920.938,2016-06-07T05:00:00+0200,DE_KN_public1_grid_import | DE_KN_residential5_dishwasher | DE_KN_residential2_circulation_pump
2016-06-07T04:00:00Z,921.945,2016-06-07T06:00:00+0200,DE_KN_public1_grid_import | DE_KN_residential5_dishwasher
2016-06-07T05:00:00Z,925.826,2016-06-07T07:00:00+0200,DE_KN_public1_grid_import | DE_KN_residential5_dishwasher
2016-06-07T06:00:00Z,933.443,2016-06-07T08:00:00+0200,DE_KN_public1_grid_import | DE_KN_residential3_dishwasher
2016-06-07T07:00:00Z,943.560,2016-06-07T09:00:00+0200,DE_KN_public1_grid_import
2016-06-07T08:00:00Z,948.415,2016-06-07T10:00:00+0200,DE_KN_public1_grid_import | DE_KN_residential5_dishwasher
2016-06-07T09:00:00Z,953.365,2016-06-07T11:00:00+0200,DE_KN_public1_grid_import | DE_KN_residential3_dishwasher
2016-06-07T10:00:00Z,961.134,2016-06-07T12:00:00+0200,DE_KN_public1_grid_import
2016-06-07T11:00:00Z,967.670,2016-06-07T13:00:00+0200,DE_KN_public1_grid_import | DE_KN_residential4_grid_export | DE_KN_residential4_grid_import
2016-06-07T12:00:00Z,974.321,2016-06-07T14:00:00+0200,DE_KN_residential2_circulation_pump | DE_KN_residential4_grid_export | DE_KN_public1_grid_import | DE_KN_residential4_grid_import
2016-06-07T13:00:00Z,979.490,2016-06-07T15:00:00+0200,DE_KN_public1_grid_import | DE_KN_residential4_grid_export | DE_KN_residential3_dishwasher
2016-06-07T14:00:00Z,982.834,2016-06-07T16:00:00+0200,DE_KN_residential6_dishwasher | DE_KN_residential6_washing_machine | DE_KN_public1_grid_import | DE_KN_residential6_circulation_pump | DE_KN_residential6_freezer
2016-06-07T15:00:00Z,985.140,2016-06-07T17:00:00+0200,DE_KN_public1_grid_import | DE_KN_residential1_dishwasher | DE_KN_residential1_freezer | DE_KN_residential1_washing_machine
2016-06-07T16:00:00Z,987.232,2016-06-07T18:00:00+0200,DE_KN_residential1_freezer | DE_KN_residential4_grid_import | DE_KN_residential4_grid_export | DE_KN_public1_grid_import | DE_KN_residential1_washing_machine | DE_KN_residential1_dishwasher
2016-06-07T17:00:00Z,989.108,2016-06-07T19:00:00+0200,DE_KN_residential4_grid_export | DE_KN_public1_grid_import | DE_KN_residential4_grid_import
2016-06-07T18:00:00Z,990.980,2016-06-07T20:00:00+0200,DE_KN_public1_grid_import | DE_KN_residential1_dishwasher | DE_KN_residential1_freezer | DE_KN_residential1_washing_machine
2016-06-07T19:00:00Z,992.470,2016-06-07T21:00:00+0200,DE_KN_public1_grid_import | DE_KN_residential1_dishwasher | DE_KN_residential1_freezer | DE_KN_residential1_washing_machine
2016-06-07T20:00:00Z,993.649,2016-06-07T22:00:00+0200,DE_KN_public1_grid_import
2016-06-07T21:00:00Z,994.807,2016-06-07T23:00:00+0200,DE_KN_public1_grid_import
2016-06-07T22:00:00Z,996.021,2016-06-08T00:00:00+0200,DE_KN_public1_grid_import | DE_KN_residential4_grid_export
2016-06-07T23:00:00Z,997.210,2016-06-08T01:00:00+0200,DE_KN_public1_grid_import | DE_KN_residential2_circulation_pump
2016-06-08T00:00:00Z,998.390,2016-06-08T02:00:00+0200,DE_KN_public1_grid_import | DE_KN_residential4_grid_export | DE_KN_residential3_dishwasher | DE_KN_residential4_grid_import
2016-06-08T01:00:00Z,999.538,2016-06-08T03:00:00+0200,DE_KN_public1_grid_import | DE_KN_residential2_circulation_pump
2016-06-08T02:00:00Z,1000.670,2016-06-08T04:00:00+0200,DE_KN_public1_grid_import
2016-06-08T03:00:00Z,1002.377,2016-06-08T05:00:00+0200,DE_KN_public1_grid_import
2016-06-08T04:00:00Z,1003.326,2016-06-08T06:00:00+0200,DE_KN_public1_grid_import | DE_KN_residential3_dishwasher | DE_KN_residential5_dishwasher
2016-06-08T05:00:00Z,1007.360,2016-06-08T07:00:00+0200,DE_KN_public1_grid_import | DE_KN_residential4_grid_export | DE_KN_residential4_grid_import | DE_KN_residential3_dishwasher
2016-06-08T06:00:00Z,1018.930,2016-06-08T08:00:00+0200,DE_KN_public1_grid_import | DE_KN_residential4_grid_export | DE_KN_residential4_grid_import | DE_KN_residential3_dishwasher
2016-06-08T07:00:00Z,1033.268,2016-06-08T09:00:00+0200,DE_KN_residential4_grid_export | DE_KN_public1_grid_import | DE_KN_residential4_grid_import
2016-06-08T08:00:00Z,1040.032,2016-06-08T10:00:00+0200,DE_KN_public1_grid_import
2016-06-08T09:00:00Z,1045.823,2016-06-08T11:00:00+0200,DE_KN_public1_grid_import | DE_KN_residential4_grid_export | DE_KN_residential4_grid_import
2016-06-08T10:00:00Z,1056.035,2016-06-08T12:00:00+0200,DE_KN_residential4_grid_import | DE_KN_residential3_dishwasher | DE_KN_residential4_grid_export | DE_KN_public1_grid_import | DE_KN_industrial1_grid_import
2016-06-08T11:00:00Z,1063.907,2016-06-08T13:00:00+0200,DE_KN_residential4_grid_export | DE_KN_industrial1_grid_import | DE_KN_residential4_grid_import
2016-06-08T12:00:00Z,1069.970,2016-06-08T14:00:00+0200,DE_KN_residential4_grid_export | DE_KN_industrial1_grid_import | DE_KN_residential4_grid_import
2016-06-08T13:00:00Z,1072.045,2016-06-08T15:00:00+0200,DE_KN_residential4_grid_export | DE_KN_industrial1_grid_import | DE_KN_residential4_grid_import
2016-06-08T14:00:00Z,1073.203,2016-06-08T16:00:00+0200,DE_KN_residential1_freezer | DE_KN_residential3_dishwasher | DE_KN_residential1_washing_machine | DE_KN_residential1_dishwasher | DE_KN_industrial1_grid_import
2016-06-08T15:00:00Z,1074.337,2016-06-08T17:00:00+0200,DE_KN_residential1_dishwasher | DE_KN_residential1_freezer | DE_KN_residential1_washing_machine | DE_KN_residential5_dishwasher
2016-06-08T16:00:00Z,1077.048,2016-06-08T18:00:00+0200,DE_KN_residential4_grid_import | DE_KN_residential5_dishwasher | DE_KN_residential4_grid_export | DE_KN_residential6_washing_machine | DE_KN_industrial1_grid_import
2016-06-08T17:00:00Z,1079.566,2016-06-08T19:00:00+0200,DE_KN_residential4_grid_export | DE_KN_industrial1_grid_import | DE_KN_residential4_grid_import
2016-06-08T18:00:00Z,1083.240,2016-06-08T20:00:00+0200,DE_KN_industrial1_grid_import
2016-06-08T19:00:00Z,1085.893,2016-06-08T21:00:00+0200,DE_KN_residential5_dishwasher | DE_KN_residential5_refrigerator | DE_KN_residential4_grid_import | DE_KN_residential4_grid_export | DE_KN_residential5_washing_machine | DE_KN_industrial1_grid_import
2016-06-08T20:00:00Z,1089.163,2016-06-08T22:00:00+0200,DE_KN_residential5_refrigerator | DE_KN_residential5_washing_machine | DE_KN_residential5_dishwasher
2016-06-08T21:00:00Z,1090.466,2016-06-08T23:00:00+0200,DE_KN_residential5_refrigerator | DE_KN_residential5_washing_machine | DE_KN_industrial1_grid_import | DE_KN_residential5_dishwasher
2016-06-08T22:00:00Z,1091.762,2016-06-09T00:00:00+0200,DE_KN_industrial1_grid_import | DE_KN_residential2_circulation_pump
2016-06-08T23:00:00Z,1093.045,2016-06-09T01:00:00+0200,DE_KN_industrial1_grid_import | DE_KN_residential3_dishwasher
2016-06-09T00:00:00Z,1094.333,2016-06-09T02:00:00+0200,DE_KN_industrial1_grid_import | DE_KN_residential3_dishwasher
2016-06-09T01:00:00Z,1096.203,2016-06-09T03:00:00+0200,DE_KN_industrial1_grid_import | DE_KN_residential2_circulation_pump
2016-06-09T02:00:00Z,1097.493,2016-06-09T04:00:00+0200,DE_KN_industrial1_grid_import | DE_KN_residential3_dishwasher
2016-06-09T03:00:00Z,1098.541,2016-06-09T05:00:00+0200,DE_KN_residential2_circulation_pump | DE_KN_industrial1_grid_import | DE_KN_residential3_dishwasher
2016-06-09T04:00:00Z,1099.560,2016-06-09T06:00:00+0200,DE_KN_industrial1_grid_import
2016-06-09T05:00:00Z,1104.100,2016-06-09T07:00:00+0200,DE_KN_residential4_grid_export | DE_KN_industrial1_grid_import | DE_KN_residential4_grid_import
2016-06-09T06:00:00Z,1113.218,2016-06-09T08:00:00+0200,DE_KN_industrial1_grid_import
2016-06-09T07:00:00Z,1122.774,2016-06-09T09:00:00+0200,DE_KN_industrial1_grid_import | DE_KN_residential3_dishwasher
2016-06-09T08:00:00Z,1129.460,2016-06-09T10:00:00+0200,DE_KN_residential2_circulation_pump | DE_KN_industrial1_grid_import | DE_KN_residential5_dishwasher
2016-06-09T09:00:00Z,1135.888,2016-06-09T11:00:00+0200,DE_KN_industrial1_grid_import
2016-06-09T10:00:00Z,1144.276,2016-06-09T12:00:00+0200,DE_KN_residential1_freezer | DE_KN_residential5_dishwasher | DE_KN_residential1_washing_machine | DE_KN_residential1_dishwasher | DE_KN_industrial1_grid_import
2016-06-09T11:00:00Z,1152.723,2016-06-09T13:00:00+0200,DE_KN_residential2_dishwasher | DE_KN_industrial1_grid_import | DE_KN_residential2_circulation_pump
2016-06-09T12:00:00Z,1162.188,2016-06-09T14:00:00+0200,DE_KN_industrial1_grid_import | DE_KN_residential5_dishwasher
2016-06-09T13:00:00Z,1166.862,2016-06-09T15:00:00+0200,DE_KN_industrial1_grid_import | DE_KN_residential3_dishwasher
2016-06-09T14:00:00Z,1170.391,2016-06-09T16:00:00+0200,DE_KN_industrial1_grid_import
2016-06-09T15:00:00Z,1172.990,2016-06-09T17:00:00+0200,DE_KN_industrial1_grid_import
2016-06-09T16:00:00Z,1174.605,2016-06-09T18:00:00+0200,DE_KN_residential4_grid_export | DE_KN_industrial1_grid_import | DE_KN_residential4_grid_import
2016-06-09T17:00:00Z,1175.791,2016-06-09T19:00:00+0200,DE_KN_residential4_grid_export | DE_KN_residential3_dishwasher | DE_KN_industrial1_grid_import | DE_KN_residential4_grid_import
2016-06-09T18:00:00Z,1176.820,2016-06-09T20:00:00+0200,DE_KN_residential2_grid_import | DE_KN_industrial1_grid_import | DE_KN_residential3_dishwasher
2016-06-09T19:00:00Z,1177.842,2016-06-09T21:00:00+0200,DE_KN_residential2_grid_import
2016-06-09T20:00:00Z,1179.053,2016-06-09T22:00:00+0200,DE_KN_residential2_grid_import
2016-06-09T21:00:00Z,1180.252,2016-06-09T23:00:00+0200,DE_KN_residential2_grid_import
2016-06-09T22:00:00Z,1181.522,2016-06-10T00:00:00+0200,DE_KN_residential2_grid_import
2016-06-09T23:00:00Z,1182.772,2016-06-10T01:00:00+0200,DE_KN_residential2_grid_import
2016-06-10T00:00:00Z,1184.033,2016-06-10T02:00:00+0200,DE_KN_residential2_grid_import
2016-06-10T01:00:00Z,1185.252,2016-06-10T03:00:00+0200,DE_KN_residential2_grid_import
2016-06-10T02:00:00Z,1186.439,2016-06-10T04:00:00+0200,DE_KN_residential2_grid_import
2016-06-10T03:00:00Z,1187.451,2016-06-10T05:00:00+0200,DE_KN_industrial1_grid_import | DE_KN_residential2_grid_import
2016-06-10T04:00:00Z,1188.408,2016-06-10T06:00:00+0200,DE_KN_residential4_grid_export | DE_KN_industrial1_grid_import | DE_KN_residential4_grid_import
2016-06-10T05:00:00Z,1192.703,2016-06-10T07:00:00+0200,DE_KN_residential4_grid_import | DE_KN_residential4_grid_export | DE_KN_residential6_circulation_pump | DE_KN_residential6_freezer | DE_KN_industrial1_grid_import
2016-06-10T06:00:00Z,1198.629,2016-06-10T08:00:00+0200,DE_KN_residential6_circulation_pump | DE_KN_residential3_washing_machine | DE_KN_industrial1_grid_import
2016-06-10T07:00:00Z,1202.695,2016-06-10T09:00:00+0200,DE_KN_industrial1_grid_import
2016-06-10T08:00:00Z,1205.565,2016-06-10T10:00:00+0200,DE_KN_residential1_freezer | DE_KN_residential3_dishwasher | DE_KN_residential1_washing_machine | DE_KN_residential1_dishwasher | DE_KN_industrial1_grid_import
2016-06-10T09:00:00Z,1208.020,2016-06-10T11:00:00+0200,DE_KN_residential1_dishwasher | DE_KN_residential1_freezer | DE_KN_residential1_washing_machine
2016-06-10T10:00:00Z,1210.980,2016-06-10T12:00:00+0200,DE_KN_residential1_freezer | DE_KN_residential5_dishwasher | DE_KN_residential3_dishwasher | DE_KN_residential2_dishwasher | DE_KN_residential1_washing_machine | DE_KN_residential1_dishwasher | DE_KN_industrial1_grid_import
2016-06-10T11:00:00Z,1214.505,2016-06-10T13:00:00+0200,DE_KN_residential4_grid_import | DE_KN_residential5_dishwasher | DE_KN_residential3_dishwasher | DE_KN_residential4_grid_export | DE_KN_residential5_refrigerator | DE_KN_residential5_washing_machine | DE_KN_residential2_circulation_pump
2016-06-10T12:00:00Z,1218.830,2016-06-10T14:00:00+0200,DE_KN_residential5_refrigerator | DE_KN_residential5_washing_machine | DE_KN_residential3_refrigerator | DE_KN_residential5_dishwasher
2016-06-10T13:00:00Z,1220.347,2016-06-10T15:00:00+0200,DE_KN_residential5_dishwasher | DE_KN_residential5_refrigerator | DE_KN_residential3_refrigerator | DE_KN_residential5_washing_machine | DE_KN_industrial1_grid_import
2016-06-10T14:00:00Z,1221.730,2016-06-10T16:00:00+0200,DE_KN_residential4_grid_export | DE_KN_residential3_washing_machine | DE_KN_industrial1_grid_import | DE_KN_residential3_dishwasher
2016-06-10T15:00:00Z,1222.791,2016-06-10T17:00:00+0200,DE_KN_residential3_washing_machine | DE_KN_residential1_freezer | DE_KN_residential4_grid_import | DE_KN_residential1_washing_machine | DE_KN_residential1_dishwasher | DE_KN_industrial1_grid_import
2016-06-10T16:00:00Z,1223.718,2016-06-10T18:00:00+0200,DE_KN_industrial1_grid_import
2016-06-10T17:00:00Z,1224.658,2016-06-10T19:00:00+0200,DE_KN_industrial1_grid_import | DE_KN_residential4_grid_export | DE_KN_residential4_refrigerator | DE_KN_residential4_grid_import
2016-06-10T18:00:00Z,1225.640,2016-06-10T20:00:00+0200,DE_KN_residential4_refrigerator | DE_KN_residential4_grid_export | DE_KN_industrial1_grid_import | DE_KN_residential4_grid_import
2016-06-10T19:00:00Z,1226.583,2016-06-10T21:00:00+0200,DE_KN_industrial1_grid_import | DE_KN_residential4_refrigerator
2016-06-10T20:00:00Z,1227.783,2016-06-10T22:00:00+0200,DE_KN_residential4_refrigerator | DE_KN_industrial1_grid_import
2016-06-10T21:00:00Z,1229.050,2016-06-10T23:00:00+0200,DE_KN_residential1_freezer | DE_KN_residential4_refrigerator | DE_KN_residential3_dishwasher | DE_KN_residential1_washing_machine | DE_KN_residential1_dishwasher | DE_KN_industrial1_grid_import
2016-06-10T22:00:00Z,1230.233,2016-06-11T00:00:00+0200,DE_KN_residential4_refrigerator | DE_KN_residential1_dishwasher | DE_KN_residential1_freezer | DE_KN_residential1_washing_machine
2016-06-10T23:00:00Z,1231.432,2016-06-11T01:00:00+0200,DE_KN_industrial1_grid_import | DE_KN_residential4_refrigerator
2016-06-11T00:00:00Z,1232.623,2016-06-11T02:00:00+0200,DE_KN_residential4_refrigerator | DE_KN_industrial1_grid_import
2016-06-11T01:00:00Z,1233.752,2016-06-11T03:00:00+0200,DE_KN_residential2_circulation_pump | DE_KN_residential3_washing_machine | DE_KN_residential4_refrigerator | DE_KN_residential3_dishwasher
2016-06-11T02:00:00Z,1234.983,2016-06-11T04:00:00+0200,DE_KN_residential4_refrigerator | DE_KN_residential4_grid_import | DE_KN_residential5_dishwasher | DE_KN_residential5_refrigerator | DE_KN_residential4_grid_export | DE_KN_residential5_washing_machine | DE_KN_industrial1_grid_import | DE_KN_residential2_circulation_pump
2016-06-11T03:00:00Z,1235.948,2016-06-11T05:00:00+0200,DE_KN_residential5_refrigerator | DE_KN_residential5_washing_machine | DE_KN_industrial1_grid_import | DE_KN_residential5_dishwasher
2016-06-11T04:00:00Z,1236.927,2016-06-11T06:00:00+0200,DE_KN_residential4_refrigerator | DE_KN_industrial1_grid_import | DE_KN_residential5_dishwasher
2016-06-11T05:00:00Z,1238.000,2016-06-11T07:00:00+0200,DE_KN_residential2_dishwasher | DE_KN_residential4_refrigerator
2016-06-11T06:00:00Z,1238.900,2016-06-11T08:00:00+0200,DE_KN_industrial1_grid_import | DE_KN_residential2_dishwasher | DE_KN_residential4_refrigerator
2016-06-11T07:00:00Z,1239.859,2016-06-11T09:00:00+0200,DE_KN_residential4_refrigerator | DE_KN_residential4_grid_import | DE_KN_residential4_grid_export | DE_KN_residential2_dishwasher | DE_KN_industrial1_grid_import
2016-06-11T08:00:00Z,1240.837,2016-06-11T10:00:00+0200,DE_KN_residential5_dishwasher | DE_KN_residential4_grid_import | DE_KN_residential4_grid_export | DE_KN_residential2_dishwasher | DE_KN_industrial1_grid_import
2016-06-11T09:00:00Z,1241.738,2016-06-11T11:00:00+0200,DE_KN_residential4_refrigerator | DE_KN_industrial1_grid_import | DE_KN_residential5_dishwasher
2016-06-11T10:00:00Z,1242.810,2016-06-11T12:00:00+0200,DE_KN_industrial1_grid_import | DE_KN_residential4_refrigerator
2016-06-11T11:00:00Z,1244.600,2016-06-11T13:00:00+0200,DE_KN_residential1_washing_machine | DE_KN_residential1_dishwasher | DE_KN_residential1_freezer | DE_KN_industrial1_grid_import
2016-06-11T12:00:00Z,1245.859,2016-06-11T14:00:00+0200,DE_KN_residential1_dishwasher | DE_KN_residential1_freezer | DE_KN_residential1_washing_machine
2016-06-11T13:00:00Z,1246.820,2016-06-11T15:00:00+0200,DE_KN_residential1_freezer | DE_KN_residential3_dishwasher | DE_KN_residential1_washing_machine | DE_KN_residential1_dishwasher | DE_KN_industrial1_grid_import
2016-06-11T14:00:00Z,1247.760,2016-06-11T16:00:00+0200,DE_KN_residential4_refrigerator | DE_KN_residential5_dishwasher | DE_KN_residential4_grid_import | DE_KN_residential4_grid_export | DE_KN_industrial1_grid_import
2016-06-11T15:00:00Z,1248.720,2016-06-11T17:00:00+0200,DE_KN_industrial1_grid_import | DE_KN_residential5_dishwasher
2016-06-11T16:00:00Z,1249.650,2016-06-11T18:00:00+0200,DE_KN_residential1_freezer | DE_KN_residential4_refrigerator | DE_KN_residential1_washing_machine | DE_KN_residential1_dishwasher | DE_KN_industrial1_grid_import
2016-06-11T17:00:00Z,1250.710,2016-06-11T19:00:00+0200,DE_KN_residential1_freezer | DE_KN_residential4_refrigerator | DE_KN_residential5_dishwasher | DE_KN_residential1_washing_machine | DE_KN_residential1_dishwasher | DE_KN_industrial1_grid_import
2016-06-11T18:00:00Z,1251.609,2016-06-11T20:00:00+0200,DE_KN_residential1_freezer | DE_KN_residential4_refrigerator | DE_KN_residential1_washing_machine | DE_KN_residential1_dishwasher | DE_KN_industrial1_grid_import
2016-06-11T19:00:00Z,1252.600,2016-06-11T21:00:00+0200,DE_KN_residential1_freezer | DE_KN_residential4_refrigerator | DE_KN_residential3_dishwasher | DE_KN_residential1_washing_machine | DE_KN_residential1_dishwasher | DE_KN_industrial1_grid_import
2016-06-11T20:00:00Z,1253.500,2016-06-11T22:00:00+0200,DE_KN_residential4_refrigerator | DE_KN_industrial1_grid_import
2016-06-11T21:00:00Z,1254.510,2016-06-11T23:00:00+0200,DE_KN_residential1_washing_machine | DE_KN_residential1_dishwasher | DE_KN_residential1_freezer | DE_KN_residential4_refrigerator
2016-06-11T22:00:00Z,1255.427,2016-06-12T00:00:00+0200,DE_KN_residential1_freezer | DE_KN_residential4_refrigerator | DE_KN_residential4_grid_import | DE_KN_residential4_grid_export | DE_KN_residential1_washing_machine | DE_KN_residential1_dishwasher | DE_KN_industrial1_grid_import
2016-06-11T23:00:00Z,1256.410,2016-06-12T01:00:00+0200,DE_KN_residential2_circulation_pump | DE_KN_residential4_refrigerator | DE_KN_residential3_dishwasher
2016-06-12T00:00:00Z,1257.320,2016-06-12T02:00:00+0200,DE_KN_industrial1_grid_import | DE_KN_residential4_refrigerator | DE_KN_residential2_circulation_pump
2016-06-12T01:00:00Z,1258.400,2016-06-12T03:00:00+0200,DE_KN_industrial1_grid_import | DE_KN_residential3_dishwasher
2016-06-12T02:00:00Z,1259.310,2016-06-12T04:00:00+0200,DE_KN_residential4_refrigerator | DE_KN_residential4_grid_import | DE_KN_residential5_dishwasher | DE_KN_residential4_grid_export | DE_KN_industrial1_grid_import
2016-06-12T03:00:00Z,1260.310,2016-06-12T05:00:00+0200,DE_KN_residential4_refrigerator | DE_KN_industrial1_grid_import
2016-06-12T04:00:00Z,1261.220,2016-06-12T06:00:00+0200,DE_KN_industrial1_grid_import | DE_KN_residential4_refrigerator | DE_KN_residential3_dishwasher
2016-06-12T05:00:00Z,1262.198,2016-06-12T07:00:00+0200,DE_KN_residential4_refrigerator | DE_KN_industrial1_grid_import
2016-06-12T06:00:00Z,1263.121,2016-06-12T08:00:00+0200,DE_KN_residential4_refrigerator
2016-06-12T07:00:00Z,1264.170,2016-06-12T09:00:00+0200,DE_KN_industrial1_grid_import | DE_KN_residential4_refrigerator
2016-06-12T08:00:00Z,1265.080,2016-06-12T10:00:00+0200,DE_KN_residential4_refrigerator | DE_KN_industrial1_grid_import
2016-06-12T09:00:00Z,1266.050,2016-06-12T11:00:00+0200,DE_KN_industrial1_grid_import | DE_KN_residential4_refrigerator | DE_KN_residential3_dishwasher
2016-06-12T10:00:00Z,1266.973,2016-06-12T12:00:00+0200,DE_KN_residential4_refrigerator | DE_KN_residential4_grid_import | DE_KN_residential3_dishwasher | DE_KN_residential4_grid_export | DE_KN_industrial1_grid_import
2016-06-12T11:00:00Z,1268.558,2016-06-12T13:00:00+0200,DE_KN_residential4_grid_export | DE_KN_industrial1_grid_import | DE_KN_residential4_grid_import
2016-06-12T12:00:00Z,1269.470,2016-06-12T14:00:00+0200,DE_KN_industrial1_grid_import
2016-06-12T13:00:00Z,1270.437,2016-06-12T15:00:00+0200,DE_KN_residential4_refrigerator | DE_KN_residential4_grid_export | DE_KN_industrial1_grid_import | DE_KN_residential4_grid_import
2016-06-12T14:00:00Z,1271.368,2016-06-12T16:00:00+0200,DE_KN_residential4_refrigerator | DE_KN_industrial1_grid_import
2016-06-12T15:00:00Z,1272.320,2016-06-12T17:00:00+0200,DE_KN_industrial1_grid_import | DE_KN_residential3_washing_machine | DE_KN_residential4_refrigerator | DE_KN_residential5_dishwasher
2016-06-12T16:00:00Z,1273.240,2016-06-12T18:00:00+0200,DE_KN_residential3_washing_machine | DE_KN_industrial1_grid_import | DE_KN_residential5_dishwasher
2016-06-12T17:00:00Z,1274.260,2016-06-12T19:00:00+0200,DE_KN_residential4_refrigerator | DE_KN_residential4_grid_export | DE_KN_industrial1_grid_import | DE_KN_residential4_grid_import
2016-06-12T18:00:00Z,1275.201,2016-06-12T20:00:00+0200,DE_KN_residential4_refrigerator | DE_KN_industrial1_grid_import
2016-06-12T19:00:00Z,1276.201,2016-06-12T21:00:00+0200,DE_KN_industrial1_grid_import | DE_KN_residential4_refrigerator
2016-06-12T20:00:00Z,1277.342,2016-06-12T22:00:00+0200,DE_KN_residential4_refrigerator | DE_KN_industrial1_grid_import
2016-06-12T21:00:00Z,1278.543,2016-06-12T23:00:00+0200,DE_KN_industrial1_grid_import | DE_KN_residential4_refrigerator | DE_KN_residential3_dishwasher
2016-06-12T22:00:00Z,1279.713,2016-06-13T00:00:00+0200,DE_KN_residential4_refrigerator | DE_KN_industrial1_grid_import | DE_KN_residential2_circulation_pump
2016-06-12T23:00:00Z,1280.963,2016-06-13T01:00:00+0200,DE_KN_residential4_refrigerator
2016-06-13T00:00:00Z,1282.153,2016-06-13T02:00:00+0200,DE_KN_industrial1_grid_import | DE_KN_residential2_circulation_pump | DE_KN_residential4_refrigerator | DE_KN_residential3_dishwasher
2016-06-13T01:00:00Z,1283.340,2016-06-13T03:00:00+0200,DE_KN_residential4_refrigerator | DE_KN_residential4_grid_import | DE_KN_residential4_grid_export | DE_KN_industrial1_grid_import | DE_KN_residential2_circulation_pump
2016-06-13T02:00:00Z,1284.541,2016-06-13T04:00:00+0200,DE_KN_residential1_washing_machine | DE_KN_residential1_dishwasher | DE_KN_residential1_freezer | DE_KN_industrial1_grid_import
2016-06-13T03:00:00Z,1285.478,2016-06-13T05:00:00+0200,DE_KN_residential1_freezer | DE_KN_residential4_refrigerator | DE_KN_residential1_washing_machine | DE_KN_residential1_dishwasher | DE_KN_industrial1_grid_import
2016-06-13T04:00:00Z,1286.420,2016-06-13T06:00:00+0200,DE_KN_residential1_dishwasher | DE_KN_residential1_freezer | DE_KN_residential1_washing_machine
2016-06-13T05:00:00Z,1291.202,2016-06-13T07:00:00+0200,DE_KN_residential1_dishwasher | DE_KN_residential1_freezer | DE_KN_residential1_washing_machine
2016-06-13T06:00:00Z,1302.157,2016-06-13T08:00:00+0200,DE_KN_residential1_dishwasher | DE_KN_residential1_freezer | DE_KN_residential1_washing_machine
2016-06-13T07:00:00Z,1314.649,2016-06-13T09:00:00+0200,DE_KN_residential1_freezer | DE_KN_residential4_refrigerator | DE_KN_residential1_washing_machine | DE_KN_residential1_dishwasher | DE_KN_industrial1_grid_import
2016-06-13T08:00:00Z,1321.645,2016-06-13T10:00:00+0200,DE_KN_residential4_refrigerator
2016-06-13T09:00:00Z,1330.420,2016-06-13T11:00:00+0200,DE_KN_residential1_freezer | DE_KN_residential4_refrigerator | DE_KN_residential1_washing_machine | DE_KN_residential1_dishwasher | DE_KN_industrial1_grid_import
2016-06-13T10:00:00Z,1343.963,2016-06-13T12:00:00+0200,DE_KN_residential4_refrigerator | DE_KN_residential1_dishwasher | DE_KN_residential1_freezer | DE_KN_residential1_washing_machine
2016-06-13T11:00:00Z,1350.110,2016-06-13T13:00:00+0200,DE_KN_industrial1_grid_import | DE_KN_residential4_refrigerator
2016-06-13T12:00:00Z,1359.155,2016-06-13T14:00:00+0200,DE_KN_residential4_refrigerator | DE_KN_industrial1_grid_import | DE_KN_residential3_dishwasher
2016-06-13T13:00:00Z,1366.746,2016-06-13T15:00:00+0200,DE_KN_industrial1_grid_import | DE_KN_residential4_refrigerator | DE_KN_residential3_dishwasher
2016-06-13T14:00:00Z,1369.391,2016-06-13T16:00:00+0200,DE_KN_residential4_refrigerator | DE_KN_industrial1_grid_import
2016-06-13T15:00:00Z,1371.456,2016-06-13T17:00:00+0200,DE_KN_industrial1_grid_import | DE_KN_residential4_refrigerator
2016-06-13T16:00:00Z,1372.448,2016-06-13T18:00:00+0200,DE_KN_residential4_refrigerator | DE_KN_industrial1_grid_import
2016-06-13T17:00:00Z,1373.359,2016-06-13T19:00:00+0200,DE_KN_industrial1_grid_import | DE_KN_residential4_refrigerator
2016-06-13T18:00:00Z,1374.357,2016-06-13T20:00:00+0200,DE_KN_residential4_refrigerator | DE_KN_industrial1_grid_import | DE_KN_residential3_dishwasher
2016-06-13T19:00:00Z,1375.323,2016-06-13T21:00:00+0200,DE_KN_residential4_refrigerator | DE_KN_residential5_dishwasher | DE_KN_residential5_refrigerator | DE_KN_residential5_washing_machine | DE_KN_industrial1_grid_import
2016-06-13T20:00:00Z,1376.520,2016-06-13T22:00:00+0200,DE_KN_residential4_refrigerator | DE_KN_industrial1_grid_import
2016-06-13T21:00:00Z,1377.733,2016-06-13T23:00:00+0200,DE_KN_industrial1_grid_import | DE_KN_residential4_refrigerator | DE_KN_residential5_dishwasher
2016-06-13T22:00:00Z,1378.922,2016-06-14T00:00:00+0200,DE_KN_residential4_refrigerator | DE_KN_residential3_dishwasher | DE_KN_industrial1_grid_import | DE_KN_residential5_dishwasher
2016-06-13T23:00:00Z,1380.092,2016-06-14T01:00:00+0200,DE_KN_residential4_refrigerator | DE_KN_residential3_dishwasher
2016-06-14T00:00:00Z,1381.281,2016-06-14T02:00:00+0200,DE_KN_industrial1_grid_import | DE_KN_residential2_circulation_pump | DE_KN_residential4_refrigerator | DE_KN_residential5_dishwasher
2016-06-14T01:00:00Z,1382.442,2016-06-14T03:00:00+0200,DE_KN_residential4_refrigerator
2016-06-14T02:00:00Z,1383.628,2016-06-14T04:00:00+0200,DE_KN_industrial1_grid_import | DE_KN_residential3_dishwasher | DE_KN_residential4_refrigerator | DE_KN_residential2_circulation_pump
2016-06-14T03:00:00Z,1384.630,2016-06-14T05:00:00+0200,DE_KN_residential4_refrigerator | DE_KN_residential3_dishwasher
2016-06-14T04:00:00Z,1385.550,2016-06-14T06:00:00+0200,DE_KN_industrial1_grid_import | DE_KN_residential4_refrigerator
2016-06-14T05:00:00Z,1388.725,2016-06-14T07:00:00+0200,DE_KN_residential4_refrigerator | DE_KN_industrial1_grid_import
2016-06-14T06:00:00Z,1396.728,2016-06-14T08:00:00+0200,DE_KN_residential4_refrigerator | DE_KN_residential2_circulation_pump
2016-06-14T07:00:00Z,1406.865,2016-06-14T09:00:00+0200,DE_KN_residential1_freezer | DE_KN_residential5_dishwasher | DE_KN_residential5_refrigerator | DE_KN_residential1_washing_machine | DE_KN_residential5_washing_machine | DE_KN_residential1_dishwasher | DE_KN_residential2_circulation_pump
2016-06-14T08:00:00Z,1413.504,2016-06-14T10:00:00+0200,DE_KN_residential1_dishwasher | DE_KN_residential1_freezer | DE_KN_residential1_washing_machine
2016-06-14T09:00:00Z,1421.040,2016-06-14T11:00:00+0200,DE_KN_residential1_freezer | DE_KN_residential4_refrigerator | DE_KN_residential5_dishwasher | DE_KN_residential5_refrigerator | DE_KN_residential1_washing_machine | DE_KN_residential5_washing_machine | DE_KN_residential1_dishwasher | DE_KN_residential2_circulation_pump
2016-06-14T10:00:00Z,1434.138,2016-06-14T12:00:00+0200,DE_KN_residential4_refrigerator
2016-06-14T11:00:00Z,1446.859,2016-06-14T13:00:00+0200,DE_KN_industrial1_grid_import | DE_KN_residential4_refrigerator | DE_KN_residential5_dishwasher
2016-06-14T12:00:00Z,1457.583,2016-06-14T14:00:00+0200,DE_KN_residential4_refrigerator | DE_KN_residential4_grid_export | DE_KN_industrial1_grid_import | DE_KN_residential4_grid_import
2016-06-14T13:00:00Z,1465.647,2016-06-14T15:00:00+0200,DE_KN_industrial1_grid_import | DE_KN_residential4_grid_export | DE_KN_residential4_refrigerator | DE_KN_residential4_grid_import
2016-06-14T14:00:00Z,1469.287,2016-06-14T16:00:00+0200,DE_KN_residential4_refrigerator | DE_KN_industrial1_grid_import
2016-06-14T15:00:00Z,1471.762,2016-06-14T17:00:00+0200,DE_KN_industrial1_grid_import | DE_KN_residential4_refrigerator
2016-06-14T16:00:00Z,1473.420,2016-06-14T18:00:00+0200,DE_KN_residential4_refrigerator | DE_KN_industrial1_grid_import
2016-06-14T17:00:00Z,1474.493,2016-06-14T19:00:00+0200,DE_KN_residential4_refrigerator
2016-06-14T18:00:00Z,1475.578,2016-06-14T20:00:00+0200,DE_KN_industrial1_grid_import | DE_KN_residential5_dishwasher
2016-06-14T19:00:00Z,1476.723,2016-06-14T21:00:00+0200,DE_KN_residential4_refrigerator | DE_KN_residential4_grid_import | DE_KN_residential5_dishwasher | DE_KN_residential4_grid_export | DE_KN_industrial1_grid_import
2016-06-14T20:00:00Z,1478.022,2016-06-14T22:00:00+0200,DE_KN_residential4_refrigerator | DE_KN_residential4_grid_import | DE_KN_residential4_grid_export | DE_KN_industrial1_grid_import | DE_KN_residential2_circulation_pump
2016-06-14T21:00:00Z,1479.375,2016-06-14T23:00:00+0200,DE_KN_residential3_washing_machine | DE_KN_industrial1_grid_import | DE_KN_residential2_circulation_pump
2016-06-14T22:00:00Z,1480.675,2016-06-15T00:00:00+0200,DE_KN_industrial1_grid_import
2016-06-14T23:00:00Z,1482.460,2016-06-15T01:00:00+0200,DE_KN_residential4_refrigerator | DE_KN_residential4_grid_export | DE_KN_industrial1_grid_import | DE_KN_residential4_grid_import
2016-06-15T00:00:00Z,1483.925,2016-06-15T02:00:00+0200,DE_KN_industrial1_grid_import | DE_KN_residential4_grid_export | DE_KN_residential4_refrigerator | DE_KN_residential4_grid_import
2016-06-15T01:00:00Z,1485.213,2016-06-15T03:00:00+0200,DE_KN_residential4_refrigerator | DE_KN_residential4_grid_import | DE_KN_residential5_dishwasher | DE_KN_residential5_refrigerator | DE_KN_residential4_grid_export | DE_KN_residential5_washing_machine | DE_KN_industrial1_grid_import | DE_KN_residential2_circulation_pump
2016-06-15T02:00:00Z,1486.463,2016-06-15T04:00:00+0200,DE_KN_residential5_refrigerator | DE_KN_residential5_washing_machine | DE_KN_residential5_dishwasher
2016-06-15T03:00:00Z,1487.510,2016-06-15T05:00:00+0200,DE_KN_residential3_washing_machine | DE_KN_residential4_refrigerator | DE_KN_residential3_dishwasher | DE_KN_residential5_refrigerator | DE_KN_residential5_dishwasher | DE_KN_residential5_washing_machine
2016-06-15T04:00:00Z,1488.602,2016-06-15T06:00:00+0200,DE_KN_residential5_refrigerator | DE_KN_residential5_washing_machine | DE_KN_residential4_refrigerator | DE_KN_residential5_dishwasher
2016-06-15T05:00:00Z,1491.723,2016-06-15T07:00:00+0200,DE_KN_residential3_washing_machine | DE_KN_residential5_dishwasher | DE_KN_residential5_refrigerator | DE_KN_residential5_washing_machine | DE_KN_industrial1_grid_import
2016-06-15T06:00:00Z,1500.575,2016-06-15T08:00:00+0200,DE_KN_residential4_refrigerator | DE_KN_residential4_grid_import | DE_KN_residential5_dishwasher | DE_KN_residential3_dishwasher | DE_KN_residential4_grid_export | DE_KN_industrial1_grid_import
2016-06-15T07:00:00Z,1515.787,2016-06-15T09:00:00+0200,DE_KN_residential4_refrigerator | DE_KN_residential3_dishwasher | DE_KN_residential4_grid_import | DE_KN_residential4_grid_export | DE_KN_residential2_dishwasher | DE_KN_residential2_washing_machine | DE_KN_industrial1_grid_import | DE_KN_residential2_circulation_pump
2016-06-15T08:00:00Z,1526.460,2016-06-15T10:00:00+0200,DE_KN_industrial1_grid_import | DE_KN_residential4_grid_export | DE_KN_residential4_refrigerator | DE_KN_residential4_grid_import
2016-06-15T09:00:00Z,1537.576,2016-06-15T11:00:00+0200,DE_KN_industrial1_grid_import | DE_KN_residential3_dishwasher
2016-06-15T10:00:00Z,1546.877,2016-06-15T12:00:00+0200,DE_KN_residential4_refrigerator | DE_KN_residential3_dishwasher | DE_KN_residential2_dishwasher | DE_KN_residential2_washing_machine | DE_KN_industrial1_grid_import | DE_KN_residential2_circulation_pump
2016-06-15T11:00:00Z,1551.683,2016-06-15T13:00:00+0200,DE_KN_residential4_refrigerator | DE_KN_residential4_grid_export | DE_KN_industrial1_grid_import | DE_KN_residential4_grid_import
2016-06-15T12:00:00Z,1557.677,2016-06-15T14:00:00+0200,DE_KN_residential4_refrigerator | DE_KN_residential4_grid_import | DE_KN_residential5_dishwasher | DE_KN_residential4_grid_export | DE_KN_residential2_dishwasher | DE_KN_residential2_washing_machine | DE_KN_industrial1_grid_import | DE_KN_residential2_circulation_pump
2016-06-15T13:00:00Z,1560.447,2016-06-15T15:00:00+0200,DE_KN_residential4_refrigerator | DE_KN_residential5_dishwasher | DE_KN_residential4_grid_import | DE_KN_residential4_grid_export | DE_KN_industrial1_grid_import
2016-06-15T14:00:00Z,1561.583,2016-06-15T16:00:00+0200,DE_KN_residential4_refrigerator | DE_KN_industrial1_grid_import
2016-06-15T15:00:00Z,1564.018,2016-06-15T17:00:00+0200,DE_KN_industrial1_grid_import | DE_KN_residential4_refrigerator | DE_KN_residential5_dishwasher
2016-06-15T16:00:00Z,1566.277,2016-06-15T18:00:00+0200,DE_KN_residential4_refrigerator | DE_KN_industrial1_grid_import | DE_KN_residential3_dishwasher
2016-06-15T17:00:00Z,1569.205,2016-06-15T19:00:00+0200,DE_KN_industrial1_grid_import | DE_KN_residential4_refrigerator
2016-06-15T18:00:00Z,1570.257,2016-06-15T20:00:00+0200,DE_KN_residential4_refrigerator | DE_KN_industrial1_grid_import
2016-06-15T19:00:00Z,1571.213,2016-06-15T21:00:00+0200,DE_KN_industrial1_grid_import | DE_KN_residential4_refrigerator | DE_KN_residential3_dishwasher
2016-06-15T20:00:00Z,1572.352,2016-06-15T22:00:00+0200,DE_KN_residential4_refrigerator | DE_KN_industrial1_grid_import | DE_KN_residential3_dishwasher
2016-06-15T21:00:00Z,1573.500,2016-06-15T23:00:00+0200,DE_KN_industrial1_grid_import | DE_KN_residential4_refrigerator
2016-06-15T22:00:00Z,1574.701,2016-06-16T00:00:00+0200,DE_KN_residential4_refrigerator | DE_KN_residential4_grid_export | DE_KN_industrial1_grid_import | DE_KN_residential4_grid_import
2016-06-15T23:00:00Z,1575.842,2016-06-16T01:00:00+0200,DE_KN_residential4_refrigerator | DE_KN_residential3_dishwasher | DE_KN_residential4_grid_import | DE_KN_residential4_grid_export | DE_KN_industrial1_grid_import
2016-06-16T00:00:00Z,1576.983,2016-06-16T02:00:00+0200,DE_KN_residential4_refrigerator | DE_KN_industrial1_grid_import
2016-06-16T01:00:00Z,1578.130,2016-06-16T03:00:00+0200,DE_KN_residential4_refrigerator
2016-06-16T02:00:00Z,1579.293,2016-06-16T04:00:00+0200,DE_KN_industrial1_grid_import | DE_KN_residential4_refrigerator | DE_KN_residential3_dishwasher
2016-06-16T03:00:00Z,1580.210,2016-06-16T05:00:00+0200,DE_KN_residential4_refrigerator | DE_KN_residential3_dishwasher
2016-06-16T04:00:00Z,1581.121,2016-06-16T06:00:00+0200,DE_KN_industrial1_grid_import | DE_KN_residential4_refrigerator
2016-06-16T05:00:00Z,1584.587,2016-06-16T07:00:00+0200,DE_KN_residential4_refrigerator | DE_KN_residential4_grid_export | DE_KN_industrial1_grid_import | DE_KN_residential4_grid_import
2016-06-16T06:00:00Z,1593.875,2016-06-16T08:00:00+0200,DE_KN_residential4_refrigerator | DE_KN_residential4_grid_export | DE_KN_industrial1_grid_import | DE_KN_residential4_grid_import
2016-06-16T07:00:00Z,1601.298,2016-06-16T09:00:00+0200,DE_KN_residential4_refrigerator | DE_KN_residential4_grid_import | DE_KN_residential4_grid_export | DE_KN_residential2_dishwasher | DE_KN_residential2_washing_machine | DE_KN_industrial1_grid_import | DE_KN_residential2_circulation_pump
2016-06-16T08:00:00Z,1606.820,2016-06-16T10:00:00+0200,DE_KN_public1_grid_import | DE_KN_industrial1_grid_import
2016-06-16T09:00:00Z,1613.248,2016-06-16T11:00:00+0200,DE_KN_public1_grid_import | DE_KN_residential4_refrigerator
2016-06-16T10:00:00Z,1620.662,2016-06-16T12:00:00+0200,DE_KN_residential1_freezer | DE_KN_residential4_refrigerator | DE_KN_residential1_washing_machine | DE_KN_residential1_dishwasher | DE_KN_residential2_circulation_pump
2016-06-16T11:00:00Z,1630.093,2016-06-16T13:00:00+0200,DE_KN_residential1_dishwasher | DE_KN_residential1_freezer | DE_KN_residential1_washing_machine
2016-06-16T12:00:00Z,1640.658,2016-06-16T14:00:00+0200,DE_KN_residential3_washing_machine | DE_KN_residential1_freezer | DE_KN_residential4_refrigerator | DE_KN_residential1_washing_machine | DE_KN_residential1_dishwasher
2016-06-16T13:00:00Z,1648.287,2016-06-16T15:00:00+0200,DE_KN_industrial1_grid_import | DE_KN_residential4_refrigerator | DE_KN_residential3_dishwasher
2016-06-16T14:00:00Z,1652.308,2016-06-16T16:00:00+0200,DE_KN_residential4_refrigerator | DE_KN_industrial1_grid_import | DE_KN_residential3_dishwasher
2016-06-16T15:00:00Z,1656.945,2016-06-16T17:00:00+0200,DE_KN_industrial1_grid_import | DE_KN_residential4_refrigerator
2016-06-16T16:00:00Z,1663.137,2016-06-16T18:00:00+0200,DE_KN_residential4_refrigerator | DE_KN_residential3_washing_machine | DE_KN_industrial1_grid_import
2016-06-16T17:00:00Z,1665.788,2016-06-16T19:00:00+0200,DE_KN_industrial1_grid_import | DE_KN_residential4_grid_export | DE_KN_residential4_refrigerator | DE_KN_residential4_grid_import
2016-06-16T18:00:00Z,1666.737,2016-06-16T20:00:00+0200,DE_KN_residential4_refrigerator | DE_KN_residential4_grid_export | DE_KN_industrial1_grid_import | DE_KN_residential4_grid_import
2016-06-16T19:00:00Z,1667.763,2016-06-16T21:00:00+0200,DE_KN_industrial1_grid_import | DE_KN_residential4_grid_export | DE_KN_residential4_refrigerator | DE_KN_residential4_grid_import
2016-06-16T20:00:00Z,1668.965,2016-06-16T22:00:00+0200,DE_KN_residential4_refrigerator | DE_KN_industrial1_grid_import | DE_KN_residential5_dishwasher
2016-06-16T21:00:00Z,1670.163,2016-06-16T23:00:00+0200,DE_KN_residential4_refrigerator
2016-06-16T22:00:00Z,1671.399,2016-06-17T00:00:00+0200,DE_KN_industrial1_grid_import | DE_KN_residential4_refrigerator | DE_KN_residential3_dishwasher
2016-06-16T23:00:00Z,1672.552,2016-06-17T01:00:00+0200,DE_KN_residential4_refrigerator | DE_KN_industrial1_grid_import | DE_KN_residential2_circulation_pump
2016-06-17T00:00:00Z,1673.744,2016-06-17T02:00:00+0200,DE_KN_residential1_freezer | DE_KN_residential4_refrigerator | DE_KN_residential1_washing_machine | DE_KN_residential1_dishwasher | DE_KN_residential2_circulation_pump
2016-06-17T01:00:00Z,1674.853,2016-06-17T03:00:00+0200,DE_KN_industrial1_grid_import | DE_KN_residential1_dishwasher | DE_KN_residential1_freezer | DE_KN_residential1_washing_machine
2016-06-17T02:00:00Z,1676.072,2016-06-17T04:00:00+0200,DE_KN_residential4_refrigerator | DE_KN_residential4_grid_import | DE_KN_residential4_grid_export | DE_KN_industrial1_grid_import | DE_KN_residential2_circulation_pump
2016-06-17T03:00:00Z,1677.008,2016-06-17T05:00:00+0200,DE_KN_industrial1_grid_import | DE_KN_residential2_circulation_pump
2016-06-17T04:00:00Z,1677.911,2016-06-17T06:00:00+0200,DE_KN_residential4_refrigerator | DE_KN_residential4_grid_export | DE_KN_industrial1_grid_import | DE_KN_residential4_grid_import
2016-06-17T05:00:00Z,1682.505,2016-06-17T07:00:00+0200,DE_KN_industrial1_grid_import | DE_KN_residential4_grid_export | DE_KN_residential4_refrigerator | DE_KN_residential4_grid_import
2016-06-17T06:00:00Z,1692.172,2016-06-17T08:00:00+0200,DE_KN_residential4_refrigerator | DE_KN_industrial1_grid_import
2016-06-17T07:00:00Z,1701.108,2016-06-17T09:00:00+0200,DE_KN_residential4_refrigerator
2016-06-17T08:00:00Z,1707.325,2016-06-17T10:00:00+0200,DE_KN_industrial1_grid_import | DE_KN_residential4_refrigerator | DE_KN_residential2_circulation_pump
2016-06-17T09:00:00Z,1714.077,2016-06-17T11:00:00+0200,DE_KN_residential1_washing_machine | DE_KN_residential1_dishwasher | DE_KN_residential1_freezer | DE_KN_industrial1_grid_import
2016-06-17T10:00:00Z,1717.737,2016-06-17T12:00:00+0200,DE_KN_residential1_freezer | DE_KN_residential4_grid_import | DE_KN_residential4_grid_export | DE_KN_residential1_washing_machine | DE_KN_residential1_dishwasher | DE_KN_industrial1_grid_import
2016-06-17T11:00:00Z,1721.377,2016-06-17T13:00:00+0200,DE_KN_industrial1_grid_import | DE_KN_residential2_circulation_pump
2016-06-17T12:00:00Z,1724.899,2016-06-17T14:00:00+0200,DE_KN_industrial1_grid_import | DE_KN_residential3_dishwasher
2016-06-17T13:00:00Z,1726.540,2016-06-17T15:00:00+0200,DE_KN_residential1_washing_machine | DE_KN_residential1_dishwasher | DE_KN_residential1_freezer | DE_KN_industrial1_grid_import
2016-06-17T14:00:00Z,1727.527,2016-06-17T16:00:00+0200,DE_KN_industrial1_grid_import | DE_KN_residential1_dishwasher | DE_KN_residential1_freezer | DE_KN_residential1_washing_machine
2016-06-17T15:00:00Z,1728.663,2016-06-17T17:00:00+0200,DE_KN_residential1_freezer | DE_KN_residential4_grid_import | DE_KN_residential4_grid_export | DE_KN_residential1_washing_machine | DE_KN_residential1_dishwasher | DE_KN_industrial1_grid_import
2016-06-17T16:00:00Z,1729.680,2016-06-17T18:00:00+0200,DE_KN_residential4_grid_export | DE_KN_residential3_dishwasher | DE_KN_industrial1_grid_import | DE_KN_residential4_grid_import
2016-06-17T17:00:00Z,1730.678,2016-06-17T19:00:00+0200,DE_KN_industrial1_grid_import
2016-06-17T18:00:00Z,1731.588,2016-06-17T20:00:00+0200,DE_KN_residential4_grid_export | DE_KN_industrial1_grid_import | DE_KN_residential4_grid_import
2016-06-17T19:00:00Z,1732.521,2016-06-17T21:00:00+0200,DE_KN_public1_grid_import | DE_KN_industrial1_grid_import
2016-06-17T20:00:00Z,1733.721,2016-06-17T22:00:00+0200,DE_KN_public1_grid_import
2016-06-17T21:00:00Z,1734.988,2016-06-17T23:00:00+0200,DE_KN_residential3_dishwasher | DE_KN_residential4_grid_import | DE_KN_residential4_grid_export | DE_KN_public1_grid_import | DE_KN_residential2_circulation_pump
2016-06-17T22:00:00Z,1736.171,2016-06-18T00:00:00+0200,DE_KN_public1_grid_import | DE_KN_residential3_dishwasher
2016-06-17T23:00:00Z,1737.370,2016-06-18T01:00:00+0200,DE_KN_residential2_circulation_pump | DE_KN_residential5_dishwasher
2016-06-18T00:00:00Z,1738.561,2016-06-18T02:00:00+0200,DE_KN_public1_grid_import | DE_KN_residential5_dishwasher
2016-06-18T01:00:00Z,1739.690,2016-06-18T03:00:00+0200,DE_KN_residential3_dishwasher | DE_KN_residential4_grid_import | DE_KN_residential4_grid_export | DE_KN_public1_grid_import | DE_KN_residential2_circulation_pump
2016-06-18T02:00:00Z,1740.921,2016-06-18T04:00:00+0200,DE_KN_public1_grid_import | DE_KN_residential5_dishwasher | DE_KN_residential3_dishwasher | DE_KN_residential2_circulation_pump
2016-06-18T03:00:00Z,1741.886,2016-06-18T05:00:00+0200,DE_KN_public1_grid_import
2016-06-18T04:00:00Z,1742.865,2016-06-18T06:00:00+0200,DE_KN_public1_grid_import
2016-06-18T05:00:00Z,1743.938,2016-06-18T07:00:00+0200,DE_KN_public1_grid_import
2016-06-18T06:00:00Z,1744.838,2016-06-18T08:00:00+0200,DE_KN_public1_grid_import | DE_KN_residential5_dishwasher
2016-06-18T07:00:00Z,1745.797,2016-06-18T09:00:00+0200,DE_KN_public1_grid_import | DE_KN_residential5_dishwasher
2016-06-18T08:00:00Z,1746.775,2016-06-18T10:00:00+0200,DE_KN_public1_grid_import | DE_KN_residential5_dishwasher
2016-06-18T09:00:00Z,1747.676,2016-06-18T11:00:00+0200,DE_KN_public1_grid_import | DE_KN_residential3_washing_machine | DE_KN_residential5_dishwasher
2016-06-18T10:00:00Z,1748.748,2016-06-18T12:00:00+0200,DE_KN_residential3_washing_machine | DE_KN_public1_grid_import
2016-06-18T11:00:00Z,1750.538,2016-06-18T13:00:00+0200,DE_KN_public1_grid_import
2016-06-18T12:00:00Z,1751.797,2016-06-18T14:00:00+0200,DE_KN_public1_grid_import | DE_KN_residential4_grid_export | DE_KN_residential4_grid_import
2016-06-18T13:00:00Z,1752.758,2016-06-18T15:00:00+0200,DE_KN_residential4_grid_export | DE_KN_public1_grid_import | DE_KN_residential4_grid_import
2016-06-18T14:00:00Z,1753.698,2016-06-18T16:00:00+0200,DE_KN_public1_grid_import | DE_KN_residential4_grid_export | DE_KN_residential4_grid_import
2016-06-18T15:00:00Z,1754.658,2016-06-18T17:00:00+0200,DE_KN_residential5_dishwasher | DE_KN_residential5_refrigerator | DE_KN_residential4_grid_import | DE_KN_residential4_grid_export | DE_KN_residential3_dishwasher | DE_KN_residential5_washing_machine
2016-06-18T16:00:00Z,1755.588,2016-06-18T18:00:00+0200,DE_KN_residential5_refrigerator | DE_KN_residential5_washing_machine | DE_KN_residential5_dishwasher | DE_KN_residential3_dishwasher
2016-06-18T17:00:00Z,1756.648,2016-06-18T19:00:00+0200,DE_KN_residential5_refrigerator | DE_KN_residential5_washing_machine | DE_KN_public1_grid_import | DE_KN_residential5_dishwasher
2016-06-18T18:00:00Z,1757.547,2016-06-18T20:00:00+0200,DE_KN_public1_grid_import
2016-06-18T19:00:00Z,1758.538,2016-06-18T21:00:00+0200,DE_KN_residential1_freezer | DE_KN_residential4_grid_import | DE_KN_residential4_grid_export | DE_KN_public1_grid_import | DE_KN_residential1_washing_machine | DE_KN_residential1_dishwasher
2016-06-18T20:00:00Z,1759.438,2016-06-18T22:00:00+0200,DE_KN_residential1_dishwasher | DE_KN_residential1_freezer | DE_KN_residential1_washing_machine
2016-06-18T21:00:00Z,1760.448,2016-06-18T23:00:00+0200,DE_KN_residential1_dishwasher | DE_KN_residential1_freezer | DE_KN_residential1_washing_machine
2016-06-18T22:00:00Z,1761.365,2016-06-19T00:00:00+0200,DE_KN_residential1_dishwasher | DE_KN_residential1_freezer | DE_KN_residential1_washing_machine
2016-06-18T23:00:00Z,1762.348,2016-06-19T01:00:00+0200,DE_KN_residential1_dishwasher | DE_KN_residential1_freezer | DE_KN_residential1_washing_machine
2016-06-19T00:00:00Z,1763.258,2016-06-19T02:00:00+0200,DE_KN_residential1_dishwasher | DE_KN_residential1_freezer | DE_KN_residential1_washing_machine
2016-06-19T01:00:00Z,1764.338,2016-06-19T03:00:00+0200,DE_KN_residential1_dishwasher | DE_KN_residential1_freezer | DE_KN_residential1_washing_machine
2016-06-19T02:00:00Z,1765.248,2016-06-19T04:00:00+0200,DE_KN_residential1_dishwasher | DE_KN_residential1_freezer | DE_KN_residential1_washing_machine
2016-06-19T03:00:00Z,1766.248,2016-06-19T05:00:00+0200,DE_KN_residential1_dishwasher | DE_KN_residential1_freezer | DE_KN_residential1_washing_machine
2016-06-19T04:00:00Z,1767.158,2016-06-19T06:00:00+0200,DE_KN_public1_grid_import | DE_KN_residential1_dishwasher | DE_KN_residential1_freezer | DE_KN_residential1_washing_machine
2016-06-19T05:00:00Z,1768.136,2016-06-19T07:00:00+0200,DE_KN_public1_grid_import
2016-06-19T06:00:00Z,1769.059,2016-06-19T08:00:00+0200,DE_KN_public1_grid_import | DE_KN_residential5_dishwasher
2016-06-19T07:00:00Z,1770.108,2016-06-19T09:00:00+0200,DE_KN_public1_grid_import | DE_KN_residential1_dishwasher | DE_KN_residential1_freezer | DE_KN_residential1_washing_machine
2016-06-19T08:00:00Z,1771.018,2016-06-19T10:00:00+0200,DE_KN_public1_grid_import | DE_KN_residential4_grid_export | DE_KN_residential4_grid_import
2016-06-19T09:00:00Z,1771.988,2016-06-19T11:00:00+0200,DE_KN_public1_grid_import
2016-06-19T10:00:00Z,1772.911,2016-06-19T12:00:00+0200,DE_KN_public1_grid_import | DE_KN_residential4_grid_export | DE_KN_residential4_grid_import
2016-06-19T11:00:00Z,1774.496,2016-06-19T13:00:00+0200,DE_KN_public1_grid_import | DE_KN_residential5_dishwasher
2016-06-19T12:00:00Z,1775.408,2016-06-19T14:00:00+0200,DE_KN_public1_grid_import | DE_KN_residential5_dishwasher
2016-06-19T13:00:00Z,1776.375,2016-06-19T15:00:00+0200,DE_KN_public1_grid_import | DE_KN_residential1_dishwasher | DE_KN_residential1_freezer | DE_KN_residential1_washing_machine
2016-06-19T14:00:00Z,1777.306,2016-06-19T16:00:00+0200,DE_KN_public1_grid_import | DE_KN_residential3_washing_machine
2016-06-19T15:00:00Z,1778.258,2016-06-19T17:00:00+0200,DE_KN_residential3_washing_machine | DE_KN_public1_grid_import
2016-06-19T16:00:00Z,1779.178,2016-06-19T18:00:00+0200,DE_KN_public1_grid_import
2016-06-19T17:00:00Z,1780.198,2016-06-19T19:00:00+0200,DE_KN_public1_grid_import
2016-06-19T18:00:00Z,1781.139,2016-06-19T20:00:00+0200,DE_KN_public1_grid_import
2016-06-19T19:00:00Z,1782.139,2016-06-19T21:00:00+0200,DE_KN_public1_grid_import | DE_KN_residential1_dishwasher | DE_KN_residential1_freezer | DE_KN_residential1_washing_machine
2016-06-19T20:00:00Z,1783.280,2016-06-19T22:00:00+0200,DE_KN_residential1_dishwasher | DE_KN_residential1_freezer | DE_KN_residential1_washing_machine
2016-06-19T21:00:00Z,1784.481,2016-06-19T23:00:00+0200,DE_KN_public1_grid_import | DE_KN_residential1_dishwasher | DE_KN_residential1_freezer | DE_KN_residential1_washing_machine
2016-06-19T22:00:00Z,1785.651,2016-06-20T00:00:00+0200,DE_KN_public1_grid_import | DE_KN_residential1_dishwasher | DE_KN_residential1_freezer | DE_KN_residential1_washing_machine
2016-06-19T23:00:00Z,1786.901,2016-06-20T01:00:00+0200,DE_KN_residential1_dishwasher | DE_KN_residential1_freezer | DE_KN_residential1_washing_machine
2016-06-20T00:00:00Z,1788.091,2016-06-20T02:00:00+0200,DE_KN_residential1_dishwasher | DE_KN_residential1_freezer | DE_KN_residential1_washing_machine
2016-06-20T01:00:00Z,1789.278,2016-06-20T03:00:00+0200,DE_KN_public1_grid_import | DE_KN_residential1_dishwasher | DE_KN_residential1_freezer | DE_KN_residential1_washing_machine
2016-06-20T02:00:00Z,1790.479,2016-06-20T04:00:00+0200,DE_KN_public1_grid_import | DE_KN_residential3_dishwasher | DE_KN_residential5_dishwasher
2016-06-20T03:00:00Z,1791.416,2016-06-20T05:00:00+0200,DE_KN_residential1_freezer | DE_KN_residential4_grid_import | DE_KN_residential4_grid_export | DE_KN_public1_grid_import | DE_KN_residential1_washing_machine | DE_KN_residential1_dishwasher
2016-06-20T04:00:00Z,1792.358,2016-06-20T06:00:00+0200,DE_KN_residential1_dishwasher | DE_KN_residential1_freezer | DE_KN_residential1_washing_machine
2016-06-20T05:00:00Z,1797.140,2016-06-20T07:00:00+0200,DE_KN_residential1_dishwasher | DE_KN_residential1_freezer | DE_KN_residential1_washing_machine
2016-06-20T06:00:00Z,1808.095,2016-06-20T08:00:00+0200,DE_KN_residential1_freezer | DE_KN_residential3_dishwasher | DE_KN_public1_grid_import | DE_KN_residential1_washing_machine | DE_KN_residential1_dishwasher
2016-06-20T07:00:00Z,1820.587,2016-06-20T09:00:00+0200,DE_KN_public1_grid_import
2016-06-20T08:00:00Z,1827.583,2016-06-20T10:00:00+0200,DE_KN_public1_grid_import
2016-06-20T09:00:00Z,1836.358,2016-06-20T11:00:00+0200,DE_KN_public1_grid_import | DE_KN_residential1_dishwasher | DE_KN_residential1_freezer | DE_KN_residential1_washing_machine
2016-06-20T10:00:00Z,1849.901,2016-06-20T12:00:00+0200,DE_KN_public1_grid_import | DE_KN_residential1_dishwasher | DE_KN_residential1_freezer | DE_KN_residential1_washing_machine
2016-06-20T11:00:00Z,1856.048,2016-06-20T13:00:00+0200,DE_KN_public1_grid_import
2016-06-20T12:00:00Z,1865.093,2016-06-20T14:00:00+0200,DE_KN_public1_grid_import
2016-06-20T13:00:00Z,1872.684,2016-06-20T15:00:00+0200,DE_KN_public1_grid_import | DE_KN_residential5_dishwasher
2016-06-20T14:00:00Z,1874.031,2016-06-20T16:00:00+0200,DE_KN_public1_grid_import | DE_KN_industrial1_grid_import
2016-06-20T15:00:00Z,1874.991,2016-06-20T17:00:00+0200,DE_KN_residential1_washing_machine | DE_KN_residential1_dishwasher | DE_KN_residential1_freezer | DE_KN_industrial1_grid_import
2016-06-20T16:00:00Z,1875.946,2016-06-20T18:00:00+0200,DE_KN_residential3_washing_machine | DE_KN_residential1_freezer | DE_KN_residential5_dishwasher | DE_KN_residential1_washing_machine | DE_KN_residential1_dishwasher | DE_KN_industrial1_grid_import
2016-06-20T17:00:00Z,1876.946,2016-06-20T19:00:00+0200,DE_KN_industrial1_grid_import | DE_KN_residential5_dishwasher
2016-06-20T18:00:00Z,1878.286,2016-06-20T20:00:00+0200,DE_KN_industrial1_grid_import
2016-06-20T19:00:00Z,1879.302,2016-06-20T21:00:00+0200,DE_KN_residential3_washing_machine | DE_KN_residential3_dishwasher | DE_KN_residential4_grid_import | DE_KN_residential4_grid_export | DE_KN_industrial1_grid_import
2016-06-20T20:00:00Z,1880.472,2016-06-20T22:00:00+0200,DE_KN_residential5_dishwasher | DE_KN_residential5_refrigerator | DE_KN_residential3_dishwasher | DE_KN_residential5_washing_machine | DE_KN_industrial1_grid_import
2016-06-20T21:00:00Z,1881.651,2016-06-20T23:00:00+0200,DE_KN_industrial1_grid_import | DE_KN_residential2_circulation_pump
2016-06-20T22:00:00Z,1882.842,2016-06-21T00:00:00+0200,DE_KN_industrial1_grid_import
2016-06-20T23:00:00Z,1884.099,2016-06-21T01:00:00+0200,DE_KN_residential4_grid_export | DE_KN_residential4_grid_import | DE_KN_industrial1_grid_import | DE_KN_residential5_dishwasher
2016-06-21T00:00:00Z,1885.288,2016-06-21T02:00:00+0200,DE_KN_residential3_dishwasher | DE_KN_residential4_grid_import | DE_KN_residential4_grid_export | DE_KN_public1_grid_import | DE_KN_residential2_circulation_pump
2016-06-21T01:00:00Z,1886.449,2016-06-21T03:00:00+0200,DE_KN_public1_grid_import
2016-06-21T02:00:00Z,1887.635,2016-06-21T04:00:00+0200,DE_KN_public1_grid_import
2016-06-21T03:00:00Z,1888.637,2016-06-21T05:00:00+0200,DE_KN_residential2_circulation_pump | DE_KN_public1_grid_import | DE_KN_residential4_grid_export | DE_KN_residential4_grid_import
2016-06-21T04:00:00Z,1889.557,2016-06-21T06:00:00+0200,DE_KN_public1_grid_import
2016-06-21T05:00:00Z,1892.732,2016-06-21T07:00:00+0200,DE_KN_public1_grid_import | DE_KN_residential4_grid_export | DE_KN_residential4_grid_import
2016-06-21T06:00:00Z,1900.735,2016-06-21T08:00:00+0200,DE_KN_residential4_grid_export | DE_KN_residential3_washing_machine | DE_KN_public1_grid_import | DE_KN_residential4_grid_import
2016-06-21T07:00:00Z,1910.872,2016-06-21T09:00:00+0200,DE_KN_public1_grid_import | DE_KN_residential4_grid_export | DE_KN_residential4_grid_import
2016-06-21T08:00:00Z,1917.511,2016-06-21T10:00:00+0200,DE_KN_residential2_circulation_pump | DE_KN_public1_grid_import | DE_KN_residential4_grid_export | DE_KN_residential4_grid_import
2016-06-21T09:00:00Z,1925.046,2016-06-21T11:00:00+0200,DE_KN_public1_grid_import | DE_KN_residential5_dishwasher | DE_KN_residential2_circulation_pump
2016-06-21T10:00:00Z,1938.145,2016-06-21T12:00:00+0200,DE_KN_public1_grid_import
2016-06-21T11:00:00Z,1950.866,2016-06-21T13:00:00+0200,DE_KN_public1_grid_import | DE_KN_residential2_circulation_pump
2016-06-21T12:00:00Z,1961.589,2016-06-21T14:00:00+0200,DE_KN_residential1_freezer | DE_KN_residential4_grid_import | DE_KN_residential4_grid_export | DE_KN_public1_grid_import | DE_KN_residential1_washing_machine | DE_KN_residential1_dishwasher
2016-06-21T13:00:00Z,1969.654,2016-06-21T15:00:00+0200,DE_KN_residential1_dishwasher | DE_KN_residential1_freezer | DE_KN_residential1_washing_machine
2016-06-21T14:00:00Z,1973.294,2016-06-21T16:00:00+0200,DE_KN_residential1_dishwasher | DE_KN_residential1_freezer | DE_KN_residential1_washing_machine
2016-06-21T15:00:00Z,1975.605,2016-06-21T17:00:00+0200,DE_KN_residential1_dishwasher | DE_KN_residential1_freezer | DE_KN_residential1_washing_machine
2016-06-21T16:00:00Z,1976.926,2016-06-21T18:00:00+0200,DE_KN_industrial1_grid_import | DE_KN_residential1_dishwasher | DE_KN_residential1_freezer | DE_KN_residential1_washing_machine
2016-06-21T17:00:00Z,1977.912,2016-06-21T19:00:00+0200,DE_KN_industrial1_grid_import
2016-06-21T18:00:00Z,1978.886,2016-06-21T20:00:00+0200,DE_KN_industrial1_grid_import | DE_KN_residential5_dishwasher
2016-06-21T19:00:00Z,1979.912,2016-06-21T21:00:00+0200,DE_KN_industrial1_grid_import
2016-06-21T20:00:00Z,1981.792,2016-06-21T22:00:00+0200,DE_KN_industrial1_grid_import
2016-06-21T21:00:00Z,1983.002,2016-06-21T23:00:00+0200,DE_KN_industrial1_grid_import | DE_KN_residential3_dishwasher
2016-06-21T22:00:00Z,1984.226,2016-06-22T00:00:00+0200,DE_KN_industrial1_grid_import | DE_KN_residential5_dishwasher
2016-06-21T23:00:00Z,1985.372,2016-06-22T01:00:00+0200,DE_KN_industrial1_grid_import
2016-06-22T00:00:00Z,1986.562,2016-06-22T02:00:00+0200,DE_KN_industrial1_grid_import
2016-06-22T01:00:00Z,1987.832,2016-06-22T03:00:00+0200,DE_KN_industrial1_grid_import
2016-06-22T02:00:00Z,1989.006,2016-06-22T04:00:00+0200,DE_KN_residential4_grid_export | DE_KN_residential4_grid_import | DE_KN_industrial1_grid_import | DE_KN_residential3_dishwasher
2016-06-22T03:00:00Z,1990.647,2016-06-22T05:00:00+0200,DE_KN_residential3_washing_machine | DE_KN_industrial1_grid_import
2016-06-22T04:00:00Z,1992.886,2016-06-22T06:00:00+0200,DE_KN_residential4_grid_export | DE_KN_industrial1_grid_import | DE_KN_residential4_grid_import
2016-06-22T05:00:00Z,1996.346,2016-06-22T07:00:00+0200,DE_KN_residential4_grid_export | DE_KN_residential1_freezer | DE_KN_industrial1_grid_import | DE_KN_residential4_grid_import
2016-06-22T06:00:00Z,2004.671,2016-06-22T08:00:00+0200,DE_KN_industrial1_grid_import
2016-06-22T07:00:00Z,2014.152,2016-06-22T09:00:00+0200,DE_KN_industrial1_grid_import
2016-06-22T08:00:00Z,2018.846,2016-06-22T10:00:00+0200,DE_KN_residential1_washing_machine | DE_KN_residential1_dishwasher | DE_KN_residential1_freezer | DE_KN_industrial1_grid_import
2016-06-22T09:00:00Z,2024.066,2016-06-22T11:00:00+0200,DE_KN_industrial1_grid_import | DE_KN_residential1_dishwasher | DE_KN_residential1_freezer | DE_KN_residential1_washing_machine
2016-06-22T10:00:00Z,2030.407,2016-06-22T12:00:00+0200,DE_KN_residential5_dishwasher | DE_KN_residential3_dishwasher | DE_KN_residential4_grid_export | DE_KN_industrial1_grid_import | DE_KN_residential2_circulation_pump
2016-06-22T11:00:00Z,2036.082,2016-06-22T13:00:00+0200,DE_KN_residential4_grid_export | DE_KN_industrial1_grid_import
2016-06-22T12:00:00Z,2040.492,2016-06-22T14:00:00+0200,DE_KN_residential2_circulation_pump | DE_KN_industrial1_grid_import | DE_KN_residential5_dishwasher
2016-06-22T13:00:00Z,2041.606,2016-06-22T15:00:00+0200,DE_KN_industrial1_grid_import | DE_KN_residential2_circulation_pump
2016-06-22T14:00:00Z,2042.578,2016-06-22T16:00:00+0200,DE_KN_residential4_grid_export | DE_KN_public1_grid_import | DE_KN_industrial1_grid_import | DE_KN_residential4_grid_import
2016-06-22T15:00:00Z,2045.013,2016-06-22T17:00:00+0200,DE_KN_public1_grid_import | DE_KN_residential3_dishwasher | DE_KN_residential5_dishwasher
2016-06-22T16:00:00Z,2047.273,2016-06-22T18:00:00+0200,DE_KN_public1_grid_import | DE_KN_residential4_grid_export | DE_KN_residential4_grid_import
2016-06-22T17:00:00Z,2050.200,2016-06-22T19:00:00+0200,DE_KN_residential4_grid_export | DE_KN_public1_grid_import | DE_KN_residential4_grid_import
2016-06-22T18:00:00Z,2051.253,2016-06-22T20:00:00+0200,DE_KN_residential4_grid_export | DE_KN_public1_grid_import | DE_KN_residential4_grid_import
2016-06-22T19:00:00Z,2052.209,2016-06-22T21:00:00+0200,DE_KN_public1_grid_import | DE_KN_residential4_grid_export | DE_KN_residential3_dishwasher | DE_KN_residential4_grid_import
2016-06-22T20:00:00Z,2053.348,2016-06-22T22:00:00+0200,DE_KN_residential2_circulation_pump | DE_KN_public1_grid_import | DE_KN_residential3_dishwasher
2016-06-22T21:00:00Z,2054.496,2016-06-22T23:00:00+0200,DE_KN_public1_grid_import | DE_KN_residential1_dishwasher | DE_KN_residential1_freezer | DE_KN_residential1_washing_machine
2016-06-22T22:00:00Z,2055.696,2016-06-23T00:00:00+0200,DE_KN_residential1_freezer | DE_KN_residential4_grid_import | DE_KN_residential3_dishwasher | DE_KN_residential4_grid_export | DE_KN_public1_grid_import | DE_KN_residential1_washing_machine | DE_KN_residential1_dishwasher
2016-06-22T23:00:00Z,2056.838,2016-06-23T01:00:00+0200,DE_KN_residential3_washing_machine | DE_KN_residential4_grid_import | DE_KN_residential3_dishwasher | DE_KN_residential4_grid_export | DE_KN_public1_grid_import | DE_KN_residential2_circulation_pump
2016-06-23T00:00:00Z,2057.979,2016-06-23T02:00:00+0200,DE_KN_residential4_grid_export | DE_KN_public1_grid_import | DE_KN_residential5_dishwasher | DE_KN_residential4_grid_import
2016-06-23T01:00:00Z,2059.126,2016-06-23T03:00:00+0200,DE_KN_public1_grid_import | DE_KN_residential4_grid_export | DE_KN_residential4_grid_import | DE_KN_residential5_dishwasher
2016-06-23T02:00:00Z,2060.289,2016-06-23T04:00:00+0200,DE_KN_public1_grid_import | DE_KN_residential3_dishwasher
2016-06-23T03:00:00Z,2061.206,2016-06-23T05:00:00+0200,DE_KN_public1_grid_import | DE_KN_residential4_grid_export | DE_KN_residential4_grid_import | DE_KN_residential3_dishwasher
2016-06-23T04:00:00Z,2062.116,2016-06-23T06:00:00+0200,DE_KN_residential4_grid_export | DE_KN_public1_grid_import | DE_KN_residential5_dishwasher | DE_KN_residential4_grid_import
2016-06-23T05:00:00Z,2065.583,2016-06-23T07:00:00+0200,DE_KN_residential4_grid_import | DE_KN_residential3_dishwasher | DE_KN_residential5_dishwasher | DE_KN_residential4_grid_export | DE_KN_public1_grid_import
2016-06-23T06:00:00Z,2074.871,2016-06-23T08:00:00+0200,DE_KN_residential4_ev | DE_KN_residential4_grid_export | DE_KN_public1_grid_import | DE_KN_residential4_grid_import
2016-06-23T07:00:00Z,2082.294,2016-06-23T09:00:00+0200,DE_KN_residential4_grid_import | DE_KN_residential4_grid_export | DE_KN_public1_grid_import | DE_KN_residential4_ev | DE_KN_residential2_circulation_pump
2016-06-23T08:00:00Z,2087.816,2016-06-23T10:00:00+0200,DE_KN_public1_grid_import | DE_KN_residential4_ev | DE_KN_residential2_circulation_pump
2016-06-23T09:00:00Z,2094.244,2016-06-23T11:00:00+0200,DE_KN_public1_grid_import
2016-06-23T10:00:00Z,2101.658,2016-06-23T12:00:00+0200,DE_KN_public1_grid_import | DE_KN_residential4_grid_export | DE_KN_residential4_grid_import | DE_KN_residential5_dishwasher
2016-06-23T11:00:00Z,2111.088,2016-06-23T13:00:00+0200,DE_KN_public1_grid_import | DE_KN_residential4_grid_export | DE_KN_residential4_grid_import
2016-06-23T12:00:00Z,2121.654,2016-06-23T14:00:00+0200,DE_KN_residential1_freezer | DE_KN_public1_grid_import | DE_KN_residential4_ev | DE_KN_residential1_washing_machine | DE_KN_residential1_dishwasher
2016-06-23T13:00:00Z,2129.282,2016-06-23T15:00:00+0200,DE_KN_public1_grid_import | DE_KN_residential4_ev
2016-06-23T14:00:00Z,2133.303,2016-06-23T16:00:00+0200,DE_KN_public1_grid_import | DE_KN_residential3_dishwasher
2016-06-23T15:00:00Z,2137.941,2016-06-23T17:00:00+0200,DE_KN_public1_grid_import | DE_KN_residential3_dishwasher
2016-06-23T16:00:00Z,2144.132,2016-06-23T18:00:00+0200,DE_KN_residential5_refrigerator | DE_KN_residential5_washing_machine | DE_KN_public1_grid_import | DE_KN_residential5_dishwasher
2016-06-23T17:00:00Z,2146.783,2016-06-23T19:00:00+0200,DE_KN_public1_grid_import
2016-06-23T18:00:00Z,2147.733,2016-06-23T20:00:00+0200,DE_KN_residential6_dishwasher | DE_KN_residential6_washing_machine | DE_KN_public1_grid_import | DE_KN_residential6_circulation_pump | DE_KN_residential6_freezer
2016-06-23T19:00:00Z,2148.758,2016-06-23T21:00:00+0200,DE_KN_residential5_dishwasher | DE_KN_residential5_refrigerator | DE_KN_residential4_grid_import | DE_KN_residential4_grid_export | DE_KN_public1_grid_import | DE_KN_residential5_washing_machine
2016-06-23T20:00:00Z,2149.961,2016-06-23T22:00:00+0200,DE_KN_residential5_refrigerator | DE_KN_residential5_washing_machine | DE_KN_residential2_circulation_pump | DE_KN_residential5_dishwasher
2016-06-23T21:00:00Z,2151.159,2016-06-23T23:00:00+0200,DE_KN_residential5_refrigerator | DE_KN_residential5_washing_machine | DE_KN_residential4_grid_import | DE_KN_residential5_dishwasher
2016-06-23T22:00:00Z,2152.395,2016-06-24T00:00:00+0200,DE_KN_residential5_refrigerator | DE_KN_residential5_washing_machine | DE_KN_residential5_dishwasher | DE_KN_residential4_grid_import
2016-06-23T23:00:00Z,2153.548,2016-06-24T01:00:00+0200,DE_KN_residential3_dishwasher | DE_KN_residential5_refrigerator | DE_KN_residential5_dishwasher | DE_KN_public1_grid_import | DE_KN_residential5_washing_machine | DE_KN_residential2_circulation_pump
2016-06-24T00:00:00Z,2154.740,2016-06-24T02:00:00+0200,DE_KN_public1_grid_import
2016-06-24T01:00:00Z,2155.849,2016-06-24T03:00:00+0200,DE_KN_public1_grid_import | DE_KN_residential4_grid_export | DE_KN_residential4_grid_import | DE_KN_residential2_circulation_pump
2016-06-24T02:00:00Z,2157.067,2016-06-24T04:00:00+0200,DE_KN_public1_grid_import | DE_KN_residential4_grid_export | DE_KN_residential5_dishwasher | DE_KN_residential4_grid_import
2016-06-24T03:00:00Z,2158.003,2016-06-24T05:00:00+0200,DE_KN_public1_grid_import | DE_KN_residential4_grid_export | DE_KN_residential4_grid_import | DE_KN_residential5_dishwasher
2016-06-24T04:00:00Z,2158.906,2016-06-24T06:00:00+0200,DE_KN_residential1_freezer | DE_KN_residential3_dishwasher | DE_KN_residential4_grid_import | DE_KN_residential4_grid_export | DE_KN_public1_grid_import | DE_KN_residential1_washing_machine | DE_KN_residential1_dishwasher
2016-06-24T05:00:00Z,2163.501,2016-06-24T07:00:00+0200,DE_KN_residential1_dishwasher | DE_KN_residential1_freezer | DE_KN_residential1_washing_machine
2016-06-24T06:00:00Z,2173.168,2016-06-24T08:00:00+0200,DE_KN_residential1_dishwasher | DE_KN_residential1_freezer | DE_KN_residential1_washing_machine
2016-06-24T07:00:00Z,2182.104,2016-06-24T09:00:00+0200,DE_KN_public1_grid_import | DE_KN_residential3_dishwasher
2016-06-24T08:00:00Z,2188.321,2016-06-24T10:00:00+0200,DE_KN_residential3_dishwasher | DE_KN_residential6_dishwasher | DE_KN_residential6_washing_machine | DE_KN_public1_grid_import | DE_KN_residential6_circulation_pump | DE_KN_residential6_freezer
2016-06-24T09:00:00Z,2195.072,2016-06-24T11:00:00+0200,DE_KN_residential1_freezer | DE_KN_residential4_grid_import | DE_KN_public1_grid_import | DE_KN_residential1_washing_machine | DE_KN_residential1_dishwasher
2016-06-24T10:00:00Z,2198.733,2016-06-24T12:00:00+0200,DE_KN_public1_grid_import | DE_KN_residential2_circulation_pump
2016-06-24T11:00:00Z,2202.373,2016-06-24T13:00:00+0200,DE_KN_public1_grid_import
2016-06-24T12:00:00Z,2205.895,2016-06-24T14:00:00+0200,DE_KN_public1_grid_import
2016-06-24T13:00:00Z,2207.536,2016-06-24T15:00:00+0200,DE_KN_public1_grid_import
2016-06-24T14:00:00Z,2208.523,2016-06-24T16:00:00+0200,DE_KN_public1_grid_import
2016-06-24T15:00:00Z,2209.659,2016-06-24T17:00:00+0200,DE_KN_public1_grid_import
2016-06-24T16:00:00Z,2210.676,2016-06-24T18:00:00+0200,DE_KN_public1_grid_import | DE_KN_residential5_dishwasher
2016-06-24T17:00:00Z,2211.673,2016-06-24T19:00:00+0200,DE_KN_public1_grid_import | DE_KN_residential5_dishwasher
2016-06-24T18:00:00Z,2212.584,2016-06-24T20:00:00+0200,DE_KN_public1_grid_import
2016-06-24T19:00:00Z,2213.516,2016-06-24T21:00:00+0200,DE_KN_public1_grid_import
2016-06-24T20:00:00Z,2214.717,2016-06-24T22:00:00+0200,DE_KN_public1_grid_import | DE_KN_residential3_dishwasher
2016-06-24T21:00:00Z,2215.984,2016-06-24T23:00:00+0200,DE_KN_public1_grid_import | DE_KN_residential4_grid_export | DE_KN_residential4_grid_import | DE_KN_residential3_dishwasher
2016-06-24T22:00:00Z,2217.167,2016-06-25T00:00:00+0200,DE_KN_public1_grid_import | DE_KN_residential4_grid_export | DE_KN_residential4_grid_import
2016-06-24T23:00:00Z,2218.366,2016-06-25T01:00:00+0200,DE_KN_public1_grid_import
2016-06-25T00:00:00Z,2219.557,2016-06-25T02:00:00+0200,DE_KN_public1_grid_import | DE_KN_residential3_dishwasher | DE_KN_residential4_grid_import
2016-06-25T01:00:00Z,2220.686,2016-06-25T03:00:00+0200,DE_KN_public1_grid_import | DE_KN_residential4_grid_export | DE_KN_residential4_grid_import | DE_KN_residential3_dishwasher
2016-06-25T02:00:00Z,2221.917,2016-06-25T04:00:00+0200,DE_KN_residential4_grid_export | DE_KN_public1_grid_import | DE_KN_residential4_grid_import
2016-06-25T03:00:00Z,2222.882,2016-06-25T05:00:00+0200,DE_KN_public1_grid_import | DE_KN_residential3_dishwasher | DE_KN_residential2_circulation_pump
2016-06-25T04:00:00Z,2223.861,2016-06-25T06:00:00+0200,DE_KN_public1_grid_import | DE_KN_residential3_dishwasher
2016-06-25T05:00:00Z,2224.934,2016-06-25T07:00:00+0200,DE_KN_public1_grid_import | DE_KN_residential4_grid_export | DE_KN_residential5_dishwasher
2016-06-25T06:00:00Z,2225.840,2016-06-25T08:00:00+0200,DE_KN_residential2_circulation_pump | DE_KN_public1_grid_import | DE_KN_industrial1_grid_import | DE_KN_residential4_grid_import
2016-06-25T07:00:00Z,2226.801,2016-06-25T09:00:00+0200,DE_KN_residential1_washing_machine | DE_KN_residential1_dishwasher | DE_KN_residential1_freezer | DE_KN_industrial1_grid_import
2016-06-25T08:00:00Z,2227.760,2016-06-25T10:00:00+0200,DE_KN_residential1_freezer | DE_KN_residential4_grid_import | DE_KN_residential5_dishwasher | DE_KN_residential4_grid_export | DE_KN_residential1_washing_machine | DE_KN_residential1_dishwasher | DE_KN_industrial1_grid_import
2016-06-25T09:00:00Z,2228.738,2016-06-25T11:00:00+0200,DE_KN_residential4_grid_export | DE_KN_industrial1_grid_import | DE_KN_residential4_grid_import
2016-06-25T10:00:00Z,2229.691,2016-06-25T12:00:00+0200,DE_KN_residential1_freezer | DE_KN_residential4_grid_import | DE_KN_residential4_grid_export | DE_KN_residential1_washing_machine | DE_KN_residential1_dishwasher | DE_KN_industrial1_grid_import
2016-06-25T11:00:00Z,2231.111,2016-06-25T13:00:00+0200,DE_KN_residential1_dishwasher | DE_KN_residential1_freezer | DE_KN_residential1_washing_machine
2016-06-25T12:00:00Z,2232.473,2016-06-25T14:00:00+0200,DE_KN_industrial1_grid_import | DE_KN_residential1_dishwasher | DE_KN_residential1_freezer | DE_KN_residential1_washing_machine
2016-06-25T13:00:00Z,2233.796,2016-06-25T15:00:00+0200,DE_KN_industrial1_grid_import
2016-06-25T14:00:00Z,2234.871,2016-06-25T16:00:00+0200,DE_KN_industrial1_grid_import
2016-06-25T15:00:00Z,2235.871,2016-06-25T17:00:00+0200,DE_KN_industrial1_grid_import | DE_KN_residential3_dishwasher
2016-06-25T16:00:00Z,2236.837,2016-06-25T18:00:00+0200,DE_KN_industrial1_grid_import | DE_KN_residential3_dishwasher
2016-06-25T17:00:00Z,2237.728,2016-06-25T19:00:00+0200,DE_KN_residential4_grid_export | DE_KN_residential5_dishwasher | DE_KN_industrial1_grid_import | DE_KN_residential4_grid_import
2016-06-25T18:00:00Z,2238.656,2016-06-25T20:00:00+0200,DE_KN_residential4_grid_export | DE_KN_residential4_grid_import | DE_KN_industrial1_grid_import | DE_KN_residential5_dishwasher
2016-06-25T19:00:00Z,2240.024,2016-06-25T21:00:00+0200,DE_KN_residential5_dishwasher | DE_KN_residential5_refrigerator | DE_KN_residential4_grid_import | DE_KN_residential4_grid_export | DE_KN_residential5_washing_machine | DE_KN_industrial1_grid_import
2016-06-25T20:00:00Z,2241.211,2016-06-25T22:00:00+0200,DE_KN_residential5_dishwasher | DE_KN_residential5_refrigerator | DE_KN_residential4_grid_import | DE_KN_residential4_grid_export | DE_KN_residential5_washing_machine | DE_KN_industrial1_grid_import
2016-06-25T21:00:00Z,2242.221,2016-06-25T23:00:00+0200,DE_KN_industrial1_grid_import | DE_KN_residential3_dishwasher
2016-06-25T22:00:00Z,2243.189,2016-06-26T00:00:00+0200,DE_KN_residential4_grid_import | DE_KN_industrial1_grid_import | DE_KN_residential5_dishwasher
2016-06-25T23:00:00Z,2244.130,2016-06-26T01:00:00+0200,DE_KN_industrial1_grid_import | DE_KN_residential2_circulation_pump
2016-06-26T00:00:00Z,2245.090,2016-06-26T02:00:00+0200,DE_KN_industrial1_grid_import
2016-06-26T01:00:00Z,2246.070,2016-06-26T03:00:00+0200,DE_KN_residential4_grid_export | DE_KN_residential4_grid_import | DE_KN_industrial1_grid_import | DE_KN_residential3_dishwasher
2016-06-26T02:00:00Z,2247.041,2016-06-26T04:00:00+0200,DE_KN_industrial1_grid_import | DE_KN_residential2_circulation_pump
2016-06-26T03:00:00Z,2248.021,2016-06-26T05:00:00+0200,DE_KN_residential4_grid_export | DE_KN_industrial1_grid_import | DE_KN_residential4_grid_import
2016-06-26T04:00:00Z,2248.978,2016-06-26T06:00:00+0200,DE_KN_residential4_grid_export | DE_KN_industrial1_grid_import | DE_KN_residential4_grid_import
2016-06-26T05:00:00Z,2249.883,2016-06-26T07:00:00+0200,DE_KN_residential5_dishwasher | DE_KN_residential3_dishwasher | DE_KN_industrial1_grid_import | DE_KN_residential4_grid_import
2016-06-26T06:00:00Z,2250.840,2016-06-26T08:00:00+0200,DE_KN_residential4_grid_import | DE_KN_industrial1_grid_import | DE_KN_residential3_dishwasher
2016-06-26T07:00:00Z,2251.868,2016-06-26T09:00:00+0200,DE_KN_residential1_washing_machine | DE_KN_residential1_dishwasher | DE_KN_residential1_freezer | DE_KN_industrial1_grid_import
2016-06-26T08:00:00Z,2252.820,2016-06-26T10:00:00+0200,DE_KN_industrial1_grid_import
2016-06-26T09:00:00Z,2253.771,2016-06-26T11:00:00+0200,DE_KN_residential5_dishwasher | DE_KN_residential5_refrigerator | DE_KN_residential3_dishwasher | DE_KN_residential5_washing_machine | DE_KN_industrial1_grid_import
2016-06-26T10:00:00Z,2254.731,2016-06-26T12:00:00+0200,DE_KN_residential5_refrigerator | DE_KN_residential5_washing_machine | DE_KN_industrial1_grid_import | DE_KN_residential5_dishwasher
2016-06-26T11:00:00Z,2255.638,2016-06-26T13:00:00+0200,DE_KN_residential4_grid_export | DE_KN_industrial1_grid_import | DE_KN_residential4_grid_import
2016-06-26T12:00:00Z,2256.561,2016-06-26T14:00:00+0200,DE_KN_residential4_grid_export | DE_KN_industrial1_grid_import | DE_KN_residential4_grid_import
2016-06-26T13:00:00Z,2257.510,2016-06-26T15:00:00+0200,DE_KN_industrial1_grid_import | DE_KN_residential5_dishwasher
2016-06-26T14:00:00Z,2258.500,2016-06-26T16:00:00+0200,DE_KN_residential4_grid_export | DE_KN_industrial1_grid_import | DE_KN_residential4_grid_import
2016-06-26T15:00:00Z,2259.510,2016-06-26T17:00:00+0200,DE_KN_residential4_grid_export | DE_KN_industrial1_grid_import | DE_KN_residential4_grid_import
2016-06-26T16:00:00Z,2260.481,2016-06-26T18:00:00+0200,DE_KN_industrial1_grid_import
2016-06-26T17:00:00Z,2261.441,2016-06-26T19:00:00+0200,DE_KN_residential4_grid_export | DE_KN_industrial1_grid_import | DE_KN_residential4_grid_import
2016-06-26T18:00:00Z,2262.358,2016-06-26T20:00:00+0200,DE_KN_residential5_dishwasher | DE_KN_residential5_refrigerator | DE_KN_residential4_grid_import | DE_KN_residential4_grid_export | DE_KN_residential5_washing_machine | DE_KN_industrial1_grid_import
2016-06-26T19:00:00Z,2263.851,2016-06-26T21:00:00+0200,DE_KN_residential4_grid_export | DE_KN_industrial1_grid_import | DE_KN_residential4_grid_import
2016-06-26T20:00:00Z,2265.024,2016-06-26T22:00:00+0200,DE_KN_residential4_grid_export | DE_KN_industrial1_grid_import | DE_KN_residential4_grid_import
2016-06-26T21:00:00Z,2266.223,2016-06-26T23:00:00+0200,DE_KN_industrial1_grid_import
2016-06-26T22:00:00Z,2267.473,2016-06-27T00:00:00+0200,DE_KN_industrial1_grid_import | DE_KN_residential3_dishwasher
2016-06-26T23:00:00Z,2268.682,2016-06-27T01:00:00+0200,DE_KN_industrial1_grid_import | DE_KN_residential3_dishwasher
2016-06-27T00:00:00Z,2269.820,2016-06-27T02:00:00+0200,DE_KN_industrial1_grid_import
2016-06-27T01:00:00Z,2271.033,2016-06-27T03:00:00+0200,DE_KN_residential4_grid_export | DE_KN_industrial1_grid_import | DE_KN_residential4_grid_import
2016-06-27T02:00:00Z,2272.211,2016-06-27T04:00:00+0200,DE_KN_residential4_ev | DE_KN_residential3_dishwasher | DE_KN_industrial1_grid_import | DE_KN_residential2_circulation_pump
2016-06-27T03:00:00Z,2273.170,2016-06-27T05:00:00+0200,DE_KN_residential3_washing_machine | DE_KN_residential4_ev | DE_KN_industrial1_grid_import
2016-06-27T04:00:00Z,2274.078,2016-06-27T06:00:00+0200,DE_KN_industrial1_grid_import
2016-06-27T05:00:00Z,2276.865,2016-06-27T07:00:00+0200,DE_KN_residential4_grid_export | DE_KN_industrial1_grid_import | DE_KN_residential4_grid_import
2016-06-27T06:00:00Z,2282.914,2016-06-27T08:00:00+0200,DE_KN_residential4_grid_export | DE_KN_industrial1_grid_import | DE_KN_residential4_grid_import
2016-06-27T07:00:00Z,2291.770,2016-06-27T09:00:00+0200,DE_KN_industrial1_grid_import
2016-06-27T08:00:00Z,2296.005,2016-06-27T10:00:00+0200,DE_KN_residential2_washing_machine | DE_KN_residential4_grid_export | DE_KN_industrial1_grid_import | DE_KN_residential4_grid_import
2016-06-27T09:00:00Z,2299.856,2016-06-27T11:00:00+0200,DE_KN_residential4_grid_export | DE_KN_residential4_grid_import | DE_KN_industrial1_grid_import | DE_KN_residential2_circulation_pump
2016-06-27T10:00:00Z,2305.486,2016-06-27T12:00:00+0200,DE_KN_residential4_grid_export | DE_KN_industrial1_grid_import | DE_KN_residential4_grid_import
2016-06-27T11:00:00Z,2309.499,2016-06-27T13:00:00+0200,DE_KN_residential2_circulation_pump | DE_KN_industrial1_grid_import | DE_KN_residential5_dishwasher
2016-06-27T12:00:00Z,2314.878,2016-06-27T14:00:00+0200,DE_KN_industrial1_grid_import | DE_KN_residential3_dishwasher
2016-06-27T13:00:00Z,2317.608,2016-06-27T15:00:00+0200,DE_KN_industrial1_grid_import | DE_KN_residential3_dishwasher
2016-06-27T14:00:00Z,2319.583,2016-06-27T16:00:00+0200,DE_KN_residential2_washing_machine | DE_KN_industrial1_grid_import | DE_KN_residential4_grid_import
2016-06-27T15:00:00Z,2321.038,2016-06-27T17:00:00+0200,DE_KN_residential3_dishwasher | DE_KN_industrial1_grid_import | DE_KN_residential5_dishwasher
2016-06-27T16:00:00Z,2322.010,2016-06-27T18:00:00+0200,DE_KN_residential5_dishwasher | DE_KN_residential3_dishwasher
2016-06-27T17:00:00Z,2323.628,2016-06-27T19:00:00+0200,DE_KN_residential1_freezer | DE_KN_residential5_dishwasher | DE_KN_residential4_grid_import | DE_KN_residential1_washing_machine | DE_KN_residential1_dishwasher | DE_KN_industrial1_grid_import
2016-06-27T18:00:00Z,2324.590,2016-06-27T20:00:00+0200,DE_KN_residential4_grid_export | DE_KN_industrial1_grid_import | DE_KN_residential5_dishwasher
2016-06-27T19:00:00Z,2325.641,2016-06-27T21:00:00+0200,DE_KN_residential4_grid_export | DE_KN_residential4_grid_import | DE_KN_industrial1_grid_import | DE_KN_residential5_dishwasher
2016-06-27T20:00:00Z,2326.823,2016-06-27T22:00:00+0200,DE_KN_residential4_grid_export | DE_KN_residential4_grid_import | DE_KN_industrial1_grid_import | DE_KN_residential5_dishwasher
2016-06-27T21:00:00Z,2328.024,2016-06-27T23:00:00+0200,DE_KN_industrial1_grid_import | DE_KN_residential5_dishwasher
2016-06-27T22:00:00Z,2329.196,2016-06-28T00:00:00+0200,DE_KN_residential4_grid_import | DE_KN_residential5_dishwasher | DE_KN_residential4_grid_export | DE_KN_industrial1_grid_import | DE_KN_residential2_circulation_pump
2016-06-27T23:00:00Z,2330.443,2016-06-28T01:00:00+0200,DE_KN_residential3_washing_machine | DE_KN_residential3_dishwasher | DE_KN_residential4_grid_import | DE_KN_residential4_grid_export | DE_KN_industrial1_grid_import
2016-06-28T00:00:00Z,2331.643,2016-06-28T02:00:00+0200,DE_KN_residential4_grid_import | DE_KN_residential3_dishwasher | DE_KN_residential4_grid_export | DE_KN_industrial1_grid_import | DE_KN_residential2_circulation_pump
2016-06-28T01:00:00Z,2332.840,2016-06-28T03:00:00+0200,DE_KN_residential4_grid_export | DE_KN_industrial1_grid_import | DE_KN_residential4_grid_import
2016-06-28T02:00:00Z,2334.051,2016-06-28T04:00:00+0200,DE_KN_residential4_grid_export | DE_KN_industrial1_grid_import | DE_KN_residential2_circulation_pump
2016-06-28T03:00:00Z,2335.100,2016-06-28T05:00:00+0200,DE_KN_residential3_dishwasher | DE_KN_industrial1_grid_import | DE_KN_residential2_circulation_pump
2016-06-28T04:00:00Z,2336.101,2016-06-28T06:00:00+0200,DE_KN_industrial1_grid_import
2016-06-28T05:00:00Z,2338.730,2016-06-28T07:00:00+0200,DE_KN_industrial1_grid_import
2016-06-28T06:00:00Z,2343.141,2016-06-28T08:00:00+0200,DE_KN_industrial1_grid_import
2016-06-28T07:00:00Z,2348.398,2016-06-28T09:00:00+0200,DE_KN_residential4_grid_export | DE_KN_industrial1_grid_import | DE_KN_residential4_grid_import
2016-06-28T08:00:00Z,2352.348,2016-06-28T10:00:00+0200,DE_KN_residential4_grid_import | DE_KN_residential4_grid_export | DE_KN_residential6_dishwasher | DE_KN_residential6_washing_machine | DE_KN_residential6_circulation_pump | DE_KN_residential6_freezer | DE_KN_industrial1_grid_import | DE_KN_residential2_circulation_pump
2016-06-28T09:00:00Z,2356.721,2016-06-28T11:00:00+0200,DE_KN_industrial1_grid_import | DE_KN_residential4_grid_import
2016-06-28T10:00:00Z,2360.302,2016-06-28T12:00:00+0200,DE_KN_industrial1_grid_import
2016-06-28T11:00:00Z,2364.843,2016-06-28T13:00:00+0200,DE_KN_residential1_washing_machine | DE_KN_residential1_dishwasher | DE_KN_residential1_freezer | DE_KN_industrial1_grid_import
2016-06-28T12:00:00Z,2371.341,2016-06-28T14:00:00+0200,DE_KN_residential1_dishwasher | DE_KN_residential1_freezer | DE_KN_residential1_washing_machine
2016-06-28T13:00:00Z,2375.940,2016-06-28T15:00:00+0200,DE_KN_residential1_dishwasher | DE_KN_residential1_freezer | DE_KN_residential1_washing_machine
2016-06-28T14:00:00Z,2378.231,2016-06-28T16:00:00+0200,DE_KN_industrial1_grid_import | DE_KN_residential1_dishwasher | DE_KN_residential1_freezer | DE_KN_residential1_washing_machine
2016-06-28T15:00:00Z,2380.483,2016-06-28T17:00:00+0200,DE_KN_industrial1_grid_import
2016-06-28T16:00:00Z,2382.454,2016-06-28T18:00:00+0200,DE_KN_industrial1_grid_import
2016-06-28T17:00:00Z,2383.463,2016-06-28T19:00:00+0200,DE_KN_industrial1_grid_import
2016-06-28T18:00:00Z,2384.463,2016-06-28T20:00:00+0200,DE_KN_residential1_washing_machine | DE_KN_residential1_dishwasher | DE_KN_residential1_freezer | DE_KN_industrial1_grid_import
2016-06-28T19:00:00Z,2385.451,2016-06-28T21:00:00+0200,DE_KN_industrial1_grid_import | DE_KN_residential4_grid_import
2016-06-28T20:00:00Z,2386.663,2016-06-28T22:00:00+0200,DE_KN_industrial1_grid_import | DE_KN_residential2_circulation_pump
2016-06-28T21:00:00Z,2388.493,2016-06-28T23:00:00+0200,DE_KN_industrial1_grid_import | DE_KN_residential2_circulation_pump
2016-06-28T22:00:00Z,2389.693,2016-06-29T00:00:00+0200,DE_KN_residential4_grid_export | DE_KN_industrial1_grid_import | DE_KN_residential4_grid_import
2016-06-28T23:00:00Z,2390.963,2016-06-29T01:00:00+0200,DE_KN_residential2_circulation_pump | DE_KN_industrial1_grid_import | DE_KN_residential4_grid_import
2016-06-29T00:00:00Z,2392.123,2016-06-29T02:00:00+0200,DE_KN_residential4_grid_export | DE_KN_industrial1_grid_import | DE_KN_residential4_grid_import
2016-06-29T01:00:00Z,2393.383,2016-06-29T03:00:00+0200,DE_KN_residential4_grid_export | DE_KN_residential4_grid_import | DE_KN_industrial1_grid_import | DE_KN_residential2_circulation_pump
2016-06-29T02:00:00Z,2394.590,2016-06-29T04:00:00+0200,DE_KN_residential3_washing_machine | DE_KN_residential4_grid_export | DE_KN_industrial1_grid_import | DE_KN_residential4_grid_import
2016-06-29T03:00:00Z,2395.498,2016-06-29T05:00:00+0200,DE_KN_residential4_grid_export | DE_KN_industrial1_grid_import
2016-06-29T04:00:00Z,2397.111,2016-06-29T06:00:00+0200,DE_KN_industrial1_grid_import
2016-06-29T05:00:00Z,2401.726,2016-06-29T07:00:00+0200,DE_KN_residential3_washing_machine | DE_KN_industrial1_grid_import
2016-06-29T06:00:00Z,2411.188,2016-06-29T08:00:00+0200,DE_KN_residential3_washing_machine | DE_KN_industrial1_grid_import
2016-06-29T07:00:00Z,2423.101,2016-06-29T09:00:00+0200,DE_KN_residential2_circulation_pump | DE_KN_industrial1_grid_import | DE_KN_residential3_dishwasher
2016-06-29T08:00:00Z,2431.086,2016-06-29T10:00:00+0200,DE_KN_residential3_dishwasher | DE_KN_industrial1_grid_import | DE_KN_residential2_circulation_pump
2016-06-29T09:00:00Z,2439.393,2016-06-29T11:00:00+0200,DE_KN_industrial1_grid_import | DE_KN_residential2_circulation_pump
2016-06-29T10:00:00Z,2445.476,2016-06-29T12:00:00+0200,DE_KN_residential5_dishwasher | DE_KN_residential3_dishwasher | DE_KN_residential4_grid_import | DE_KN_residential4_grid_export | DE_KN_industrial1_grid_import
2016-06-29T11:00:00Z,2450.416,2016-06-29T13:00:00+0200,DE_KN_residential4_grid_export | DE_KN_residential4_grid_import | DE_KN_industrial1_grid_import | DE_KN_residential3_dishwasher
2016-06-29T12:00:00Z,2455.301,2016-06-29T14:00:00+0200,DE_KN_residential2_circulation_pump | DE_KN_residential4_grid_export | DE_KN_industrial1_grid_import | DE_KN_residential4_grid_import
2016-06-29T13:00:00Z,2456.400,2016-06-29T15:00:00+0200,DE_KN_industrial1_grid_import
2016-06-29T14:00:00Z,2457.471,2016-06-29T16:00:00+0200,DE_KN_industrial1_grid_import | DE_KN_residential3_dishwasher
2016-06-29T15:00:00Z,2459.638,2016-06-29T17:00:00+0200,DE_KN_residential4_grid_export | DE_KN_industrial1_grid_import
2016-06-29T16:00:00Z,2462.075,2016-06-29T18:00:00+0200,DE_KN_residential4_grid_export | DE_KN_industrial1_grid_import
2016-06-29T17:00:00Z,2464.369,2016-06-29T19:00:00+0200,DE_KN_industrial1_grid_import | DE_KN_residential3_dishwasher
2016-06-29T18:00:00Z,2466.578,2016-06-29T20:00:00+0200,DE_KN_residential3_washing_machine | DE_KN_industrial1_grid_import | DE_KN_residential3_dishwasher
2016-06-29T19:00:00Z,2467.558,2016-06-29T21:00:00+0200,DE_KN_residential3_washing_machine | DE_KN_industrial1_grid_import
2016-06-29T20:00:00Z,2468.774,2016-06-29T22:00:00+0200,DE_KN_industrial1_grid_import
2016-06-29T21:00:00Z,2469.993,2016-06-29T23:00:00+0200,DE_KN_industrial1_grid_import | DE_KN_residential2_circulation_pump
2016-06-29T22:00:00Z,2471.253,2016-06-30T00:00:00+0200,DE_KN_residential4_grid_export | DE_KN_residential4_grid_import | DE_KN_industrial1_grid_import | DE_KN_residential2_circulation_pump
2016-06-29T23:00:00Z,2472.454,2016-06-30T01:00:00+0200,DE_KN_public1_grid_import | DE_KN_industrial1_grid_import
2016-06-30T00:00:00Z,2473.594,2016-06-30T02:00:00+0200,DE_KN_residential2_circulation_pump | DE_KN_public1_grid_import | DE_KN_residential3_dishwasher
2016-06-30T01:00:00Z,2474.742,2016-06-30T03:00:00+0200,DE_KN_public1_grid_import | DE_KN_residential2_circulation_pump
2016-06-30T02:00:00Z,2475.904,2016-06-30T04:00:00+0200,DE_KN_public1_grid_import | DE_KN_residential4_grid_export | DE_KN_residential4_grid_import | DE_KN_residential5_dishwasher
2016-06-30T03:00:00Z,2476.828,2016-06-30T05:00:00+0200,DE_KN_public1_grid_import | DE_KN_industrial1_grid_import | DE_KN_residential3_dishwasher
2016-06-30T04:00:00Z,2477.739,2016-06-30T06:00:00+0200,DE_KN_residential4_grid_import | DE_KN_residential5_dishwasher | DE_KN_residential3_dishwasher | DE_KN_residential4_grid_export | DE_KN_residential5_refrigerator | DE_KN_residential5_washing_machine | DE_KN_industrial1_grid_import
2016-06-30T05:00:00Z,2481.150,2016-06-30T07:00:00+0200,DE_KN_residential3_washing_machine | DE_KN_residential5_dishwasher | DE_KN_residential5_refrigerator | DE_KN_residential4_grid_import | DE_KN_residential4_grid_export | DE_KN_residential5_washing_machine
2016-06-30T06:00:00Z,2491.692,2016-06-30T08:00:00+0200,DE_KN_residential5_dishwasher | DE_KN_residential5_refrigerator | DE_KN_residential4_grid_import | DE_KN_residential4_grid_export | DE_KN_residential5_washing_machine | DE_KN_industrial1_grid_import
2016-06-30T07:00:00Z,2504.023,2016-06-30T09:00:00+0200,DE_KN_residential1_freezer | DE_KN_residential3_dishwasher | DE_KN_residential1_washing_machine | DE_KN_residential1_dishwasher | DE_KN_industrial1_grid_import
2016-06-30T08:00:00Z,2514.186,2016-06-30T10:00:00+0200,DE_KN_industrial1_grid_import
2016-06-30T09:00:00Z,2529.858,2016-06-30T11:00:00+0200,DE_KN_industrial1_grid_import
2016-06-30T10:00:00Z,2538.953,2016-06-30T12:00:00+0200,DE_KN_industrial1_grid_import | DE_KN_residential3_dishwasher
2016-06-30T11:00:00Z,2544.087,2016-06-30T13:00:00+0200,DE_KN_industrial1_grid_import | DE_KN_residential2_circulation_pump
2016-06-30T12:00:00Z,2550.915,2016-06-30T14:00:00+0200,DE_KN_residential3_washing_machine | DE_KN_industrial1_grid_import | DE_KN_residential2_circulation_pump
2016-06-30T13:00:00Z,2554.530,2016-06-30T15:00:00+0200,DE_KN_residential4_grid_export | DE_KN_industrial1_grid_import | DE_KN_residential4_grid_import
2016-06-30T14:00:00Z,2557.041,2016-06-30T16:00:00+0200,DE_KN_residential4_grid_export | DE_KN_industrial1_grid_import | DE_KN_residential4_grid_import
2016-06-30T15:00:00Z,2559.695,2016-06-30T17:00:00+0200,DE_KN_residential4_grid_export | DE_KN_industrial1_grid_import | DE_KN_residential4_grid_import
2016-06-30T16:00:00Z,2561.997,2016-06-30T18:00:00+0200,DE_KN_residential4_grid_export | DE_KN_industrial1_grid_import | DE_KN_residential4_grid_import
2016-06-30T17:00:00Z,2563.494,2016-06-30T19:00:00+0200,DE_KN_industrial1_grid_import
2016-06-30T18:00:00Z,2564.984,2016-06-30T20:00:00+0200,DE_KN_residential4_grid_export | DE_KN_industrial1_grid_import | DE_KN_residential4_grid_import
2016-06-30T19:00:00Z,2566.450,2016-06-30T21:00:00+0200,DE_KN_residential4_grid_export | DE_KN_residential4_grid_import | DE_KN_industrial1_grid_import | DE_KN_residential2_circulation_pump
2016-06-30T20:00:00Z,2568.140,2016-06-30T22:00:00+0200,DE_KN_residential4_grid_export | DE_KN_industrial1_grid_import | DE_KN_residential4_grid_import
2016-06-30T21:00:00Z,2569.870,2016-06-30T23:00:00+0200,DE_KN_industrial1_grid_import
2016-06-30T22:00:00Z,2571.598,2016-07-01T00:00:00+0200,DE_KN_industrial1_grid_import
2016-06-30T23:00:00Z,2573.319,2016-07-01T01:00:00+0200,DE_KN_industrial1_grid_import
