utc_timestamp,DE_KN_industrial1_pv_1,cet_cest_timestamp,interpolated
2016-03-01T00:00:00Z,541.043,2016-03-01T01:00:00+0100,DE_KN_residential1_washing_machine
2016-03-01T01:00:00Z,541.043,2016-03-01T02:00:00+0100,DE_KN_residential1_washing_machine
2016-03-01T02:00:00Z,541.043,2016-03-01T03:00:00+0100,DE_KN_residential2_freezer | DE_KN_residential2_circulation_pump | DE_KN_residential2_dishwasher | DE_KN_residential1_washing_machine | DE_KN_residential2_washing_machine | DE_KN_residential2_grid_import
2016-03-01T03:00:00Z,541.043,2016-03-01T04:00:00+0100,DE_KN_residential2_freezer | DE_KN_residential2_circulation_pump | DE_KN_residential2_dishwasher | DE_KN_residential1_washing_machine | DE_KN_residential2_washing_machine | DE_KN_residential2_grid_import
2016-03-01T04:00:00Z,541.043,2016-03-01T05:00:00+0100,DE_KN_residential1_washing_machine
2016-03-01T05:00:00Z,541.043,2016-03-01T06:00:00+0100,DE_KN_residential2_freezer | DE_KN_residential2_circulation_pump | DE_KN_residential2_dishwasher | DE_KN_residential1_washing_machine | DE_KN_residential2_washing_machine | DE_KN_residential2_grid_import
2016-03-01T06:00:00Z,541.043,2016-03-01T07:00:00+0100,DE_KN_residential2_freezer | DE_KN_residential2_circulation_pump | DE_KN_residential2_dishwasher | DE_KN_residential1_washing_machine | DE_KN_residential2_washing_machine | DE_KN_residential2_grid_import
2016-03-01T07:00:00Z,541.043,2016-03-01T08:00:00+0100,DE_KN_residential2_freezer | DE_KN_residential2_circulation_pump | DE_KN_residential2_dishwasher | DE_KN_residential2_washing_machine | DE_KN_residential2_grid_import
2016-03-01T08:00:00Z,541.503,2016-03-01T09:00:00+0100,DE_KN_residential2_freezer | DE_KN_residential2_circulation_pump | DE_KN_residential2_dishwasher | DE_KN_residential2_washing_machine | DE_KN_residential2_grid_import
2016-03-01T09:00:00Z,542.573,2016-03-01T10:00:00+0100,DE_KN_residential2_freezer | DE_KN_residential2_circulation_pump | DE_KN_residential2_dishwasher | DE_KN_residential2_washing_machine | DE_KN_residential2_grid_import
2016-03-01T10:00:00Z,544.158,2016-03-01T11:00:00+0100,DE_KN_residential2_freezer | DE_KN_residential2_circulation_pump | DE_KN_residential2_dishwasher | DE_KN_residential2_washing_machine | DE_KN_residential2_grid_import
2016-03-01T11:00:00Z,545.928,2016-03-01T12:00:00+0100,DE_KN_residential2_freezer | DE_KN_residential2_circulation_pump | DE_KN_residential2_dishwasher | DE_KN_residential1_washing_machine | DE_KN_residential2_washing_machine | DE_KN_residential2_grid_import
2016-03-01T12:00:00Z,546.663,2016-03-01T13:00:00+0100,DE_KN_residential1_washing_machine
2016-03-01T13:00:00Z,546.998,2016-03-01T14:00:00+0100,DE_KN_residential1_washing_machine
2016-03-01T14:00:00Z,547.303,2016-03-01T15:00:00+0100,DE_KN_residential1_washing_machine
2016-03-01T15:00:00Z,547.366,2016-03-01T16:00:00+0100,DE_KN_residential1_washing_machine
2016-03-01T16:00:00Z,547.366,2016-03-01T17:00:00+0100,DE_KN_residential1_washing_machine
2016-03-01T17:00:00Z,547.366,2016-03-01T18:00:00+0100,DE_KN_residential2_freezer | DE_KN_residential2_circulation_pump | DE_KN_residential2_dishwasher | DE_KN_residential1_washing_machine | DE_KN_residential2_washing_machine | DE_KN_residential2_grid_import
2016-03-01T18:00:00Z,547.366,2016-03-01T19:00:00+0100,DE_KN_residential2_freezer | DE_KN_residential2_circulation_pump | DE_KN_residential2_dishwasher | DE_KN_residential1_washing_machine | DE_KN_residential2_washing_machine | DE_KN_residential2_grid_import
2016-03-01T19:00:00Z,547.366,2016-03-01T20:00:00+0100,DE_KN_residential1_washing_machine
2016-03-01T20:00:00Z,547.366,2016-03-01T21:00:00+0100,DE_KN_residential2_freezer | DE_KN_residential2_circulation_pump | DE_KN_residential2_dishwasher | DE_KN_residential1_washing_machine | DE_KN_residential2_washing_machine | DE_KN_residential2_grid_import
2016-03-01T21:00:00Z,547.366,2016-03-01T22:00:00+0100,DE_KN_residential2_freezer | DE_KN_residential2_circulation_pump | DE_KN_residential2_dishwasher | DE_KN_residential1_washing_machine | DE_KN_residential2_washing_machine | DE_KN_residential2_grid_import
2016-03-01T22:00:00Z,547.366,2016-03-01T23:00:00+0100,DE_KN_residential2_freezer | DE_KN_residential2_circulation_pump | DE_KN_residential2_dishwasher | DE_KN_residential2_washing_machine | DE_KN_residential2_grid_import
2016-03-01T23:00:00Z,547.366,2016-03-02T00:00:00+0100,DE_KN_residential2_freezer | DE_KN_residential2_circulation_pump | DE_KN_residential2_dishwasher | DE_KN_residential2_washing_machine | DE_KN_residential2_grid_import
2016-03-02T00:00:00Z,547.366,2016-03-02T01:00:00+0100,DE_KN_residential2_freezer | DE_KN_residential2_circulation_pump | DE_KN_residential2_dishwasher | DE_KN_residential2_washing_machine | DE_KN_residential2_grid_import
2016-03-02T01:00:00Z,547.366,2016-03-02T02:00:00+0100,DE_KN_residential2_freezer | DE_KN_residential2_circulation_pump | DE_KN_residential2_dishwasher | DE_KN_residential2_washing_machine | DE_KN_residential2_grid_import
2016-03-02T02:00:00Z,547.366,2016-03-02T03:00:00+0100,DE_KN_residential2_freezer | DE_KN_residential2_circulation_pump | DE_KN_residential2_dishwasher | DE_KN_residential2_washing_machine | DE_KN_residential2_grid_import
2016-03-02T03:00:00Z,547.366,2016-03-02T04:00:00+0100,DE_KN_residential2_freezer | DE_KN_residential2_circulation_pump | DE_KN_residential2_dishwasher | DE_KN_residential2_washing_machine | DE_KN_residential2_grid_import
2016-03-02T04:00:00Z,547.366,2016-03-02T05:00:00+0100,DE_KN_residential2_freezer | DE_KN_residential2_circulation_pump | DE_KN_residential2_dishwasher | DE_KN_residential2_washing_machine | DE_KN_residential2_grid_import
2016-03-02T05:00:00Z,547.366,2016-03-02T06:00:00+0100,DE_KN_residential2_freezer | DE_KN_residential2_circulation_pump | DE_KN_residential2_dishwasher | DE_KN_residential2_washing_machine | DE_KN_residential2_grid_import
2016-03-02T06:00:00Z,547.366,2016-03-02T07:00:00+0100,DE_KN_residential2_freezer | DE_KN_residential2_circulation_pump | DE_KN_residential2_dishwasher | DE_KN_residential1_washing_machine | DE_KN_residential2_washing_machine | DE_KN_residential2_grid_import
2016-03-02T07:00:00Z,547.391,2016-03-02T08:00:00+0100,DE_KN_residential2_freezer | DE_KN_residential2_circulation_pump | DE_KN_residential2_dishwasher | DE_KN_residential1_washing_machine | DE_KN_residential2_washing_machine | DE_KN_residential2_grid_import
2016-03-02T08:00:00Z,547.521,2016-03-02T09:00:00+0100,DE_KN_residential2_freezer | DE_KN_residential2_circulation_pump | DE_KN_residential2_dishwasher | DE_KN_residential1_washing_machine | DE_KN_residential2_washing_machine | DE_KN_residential2_grid_import
2016-03-02T09:00:00Z,547.906,2016-03-02T10:00:00+0100,DE_KN_residential2_freezer | DE_KN_residential2_circulation_pump | DE_KN_residential2_dishwasher | DE_KN_residential1_washing_machine | DE_KN_residential2_washing_machine | DE_KN_residential2_grid_import
2016-03-02T10:00:00Z,548.616,2016-03-02T11:00:00+0100,DE_KN_residential2_freezer | DE_KN_residential2_circulation_pump | DE_KN_residential2_dishwasher | DE_KN_residential1_washing_machine | DE_KN_residential2_washing_machine | DE_KN_residential2_grid_import
2016-03-02T11:00:00Z,549.351,2016-03-02T12:00:00+0100,DE_KN_residential2_freezer | DE_KN_residential2_circulation_pump | DE_KN_residential2_dishwasher | DE_KN_residential1_washing_machine | DE_KN_residential2_washing_machine | DE_KN_residential2_grid_import
2016-03-02T12:00:00Z,549.803,2016-03-02T13:00:00+0100,DE_KN_residential1_washing_machine
2016-03-02T13:00:00Z,549.996,2016-03-02T14:00:00+0100,DE_KN_residential1_washing_machine
2016-03-02T14:00:00Z,550.054,2016-03-02T15:00:00+0100,DE_KN_industrial1_grid_import | DE_KN_industrial1_pv_2 | DE_KN_industrial1_pv_1 | DE_KN_residential1_washing_machine
2016-03-02T15:00:00Z,550.054,2016-03-02T16:00:00+0100,DE_KN_industrial1_pv_2 | DE_KN_industrial1_pv_1 | DE_KN_industrial1_grid_import | DE_KN_residential5_dishwasher
2016-03-02T16:00:00Z,550.054,2016-03-02T17:00:00+0100,DE_KN_industrial1_pv_2 | DE_KN_industrial1_pv_1 | DE_KN_industrial1_grid_import | DE_KN_residential5_dishwasher
2016-03-02T17:00:00Z,550.054,2016-03-02T18:00:00+0100,DE_KN_residential3_dishwasher | DE_KN_residential5_dishwasher | DE_KN_industrial1_pv_1 | DE_KN_industrial1_pv_2 | DE_KN_industrial1_grid_import
2016-03-02T18:00:00Z,550.054,2016-03-02T19:00:00+0100,DE_KN_residential3_washing_machine | DE_KN_industrial1_pv_2 | DE_KN_industrial1_pv_1 | DE_KN_industrial1_grid_import
2016-03-02T19:00:00Z,550.054,2016-03-02T20:00:00+0100,DE_KN_residential1_freezer | DE_KN_residential1_dishwasher | DE_KN_industrial1_pv_1 | DE_KN_residential1_washing_machine | DE_KN_industrial1_pv_2 | DE_KN_industrial1_grid_import
2016-03-02T20:00:00Z,550.054,2016-03-02T21:00:00+0100,DE_KN_residential1_dishwasher | DE_KN_residential1_freezer | DE_KN_residential1_washing_machine
2016-03-02T21:00:00Z,550.054,2016-03-02T22:00:00+0100,DE_KN_residential1_freezer | DE_KN_residential3_dishwasher | DE_KN_industrial1_pv_1 | DE_KN_residential1_washing_machine | DE_KN_industrial1_pv_2 | DE_KN_residential1_dishwasher | DE_KN_industrial1_grid_import
2016-03-02T22:00:00Z,550.054,2016-03-02T23:00:00+0100,DE_KN_industrial1_pv_2 | DE_KN_industrial1_pv_1 | DE_KN_industrial1_grid_import
2016-03-02T23:00:00Z,550.054,2016-03-03T00:00:00+0100,DE_KN_industrial1_pv_2 | DE_KN_industrial1_pv_1 | DE_KN_industrial1_grid_import
2016-03-03T00:00:00Z,550.054,2016-03-03T01:00:00+0100,DE_KN_industrial1_pv_2 | DE_KN_industrial1_pv_1 | DE_KN_industrial1_grid_import
2016-03-03T01:00:00Z,550.054,2016-03-03T02:00:00+0100,DE_KN_industrial1_pv_2 | DE_KN_industrial1_pv_1 | DE_KN_industrial1_grid_import | DE_KN_residential3_dishwasher
2016-03-03T02:00:00Z,550.054,2016-03-03T03:00:00+0100,DE_KN_industrial1_pv_2 | DE_KN_industrial1_pv_1 | DE_KN_industrial1_grid_import | DE_KN_residential3_dishwasher
2016-03-03T03:00:00Z,550.054,2016-03-03T04:00:00+0100,DE_KN_industrial1_pv_2 | DE_KN_industrial1_pv_1 | DE_KN_industrial1_grid_import
2016-03-03T04:00:00Z,550.054,2016-03-03T05:00:00+0100,DE_KN_residential3_washing_machine | DE_KN_residential5_dishwasher | DE_KN_industrial1_pv_1 | DE_KN_industrial1_pv_2 | DE_KN_industrial1_grid_import
2016-03-03T05:00:00Z,550.054,2016-03-03T06:00:00+0100,DE_KN_residential3_washing_machine | DE_KN_residential3_dishwasher | DE_KN_industrial1_pv_1 | DE_KN_industrial1_pv_2 | DE_KN_industrial1_grid_import
2016-03-03T06:00:00Z,550.054,2016-03-03T07:00:00+0100,DE_KN_industrial1_pv_1 | DE_KN_residential4_ev | DE_KN_residential1_washing_machine | DE_KN_industrial1_pv_2 | DE_KN_industrial1_grid_import
2016-03-03T07:00:00Z,550.089,2016-03-03T08:00:00+0100,DE_KN_industrial1_grid_import | DE_KN_industrial1_pv_2 | DE_KN_industrial1_pv_1 | DE_KN_residential1_washing_machine
2016-03-03T08:00:00Z,550.429,2016-03-03T09:00:00+0100,DE_KN_residential1_washing_machine | DE_KN_industrial1_pv_2 | DE_KN_industrial1_pv_1 | DE_KN_industrial1_grid_import
2016-03-03T09:00:00Z,551.458,2016-03-03T10:00:00+0100,DE_KN_residential4_freezer | DE_KN_residential5_dishwasher | DE_KN_residential4_grid_import | DE_KN_residential4_grid_export | DE_KN_industrial1_pv_1 | DE_KN_residential4_ev | DE_KN_residential1_washing_machine | DE_KN_industrial1_pv_2 | DE_KN_industrial1_grid_import
2016-03-03T10:00:00Z,552.599,2016-03-03T11:00:00+0100,DE_KN_residential4_freezer | DE_KN_residential4_grid_import | DE_KN_residential4_refrigerator | DE_KN_residential4_dishwasher | DE_KN_residential4_grid_export | DE_KN_industrial1_pv_1 | DE_KN_residential4_washing_machine | DE_KN_residential4_heat_pump | DE_KN_residential4_pv | DE_KN_residential4_ev | DE_KN_residential1_washing_machine | DE_KN_industrial1_pv_2 | DE_KN_industrial1_grid_import
2016-03-03T11:00:00Z,553.979,2016-03-03T12:00:00+0100,DE_KN_industrial1_grid_import | DE_KN_industrial1_pv_2 | DE_KN_industrial1_pv_1 | DE_KN_residential1_washing_machine
2016-03-03T12:00:00Z,554.494,2016-03-03T13:00:00+0100,DE_KN_industrial1_pv_2 | DE_KN_industrial1_pv_1 | DE_KN_industrial1_grid_import | DE_KN_residential5_dishwasher
2016-03-03T13:00:00Z,554.779,2016-03-03T14:00:00+0100,DE_KN_industrial1_pv_2 | DE_KN_industrial1_pv_1 | DE_KN_industrial1_grid_import | DE_KN_residential5_dishwasher
2016-03-03T14:00:00Z,554.904,2016-03-03T15:00:00+0100,DE_KN_residential4_ev | DE_KN_industrial1_pv_2 | DE_KN_industrial1_pv_1 | DE_KN_industrial1_grid_import
2016-03-03T15:00:00Z,554.914,2016-03-03T16:00:00+0100,DE_KN_industrial1_pv_2 | DE_KN_industrial1_pv_1 | DE_KN_industrial1_grid_import
2016-03-03T16:00:00Z,554.914,2016-03-03T17:00:00+0100,DE_KN_residential1_washing_machine | DE_KN_industrial1_pv_2 | DE_KN_industrial1_pv_1 | DE_KN_industrial1_grid_import
2016-03-03T17:00:00Z,554.914,2016-03-03T18:00:00+0100,DE_KN_industrial1_grid_import | DE_KN_industrial1_pv_2 | DE_KN_industrial1_pv_1 | DE_KN_residential1_washing_machine
2016-03-03T18:00:00Z,554.914,2016-03-03T19:00:00+0100,DE_KN_residential4_freezer | DE_KN_residential4_grid_import | DE_KN_residential4_grid_export | DE_KN_industrial1_pv_1 | DE_KN_residential4_ev | DE_KN_residential1_washing_machine | DE_KN_industrial1_pv_2 | DE_KN_industrial1_grid_import
2016-03-03T19:00:00Z,554.914,2016-03-03T20:00:00+0100,DE_KN_residential1_dishwasher | DE_KN_industrial1_pv_1 | DE_KN_residential1_washing_machine | DE_KN_industrial1_pv_2 | DE_KN_industrial1_grid_import
2016-03-03T20:00:00Z,554.914,2016-03-03T21:00:00+0100,DE_KN_industrial1_pv_2 | DE_KN_industrial1_pv_1 | DE_KN_industrial1_grid_import
2016-03-03T21:00:00Z,554.914,2016-03-03T22:00:00+0100,DE_KN_residential1_freezer | DE_KN_residential3_dishwasher | DE_KN_industrial1_pv_1 | DE_KN_residential1_washing_machine | DE_KN_industrial1_pv_2 | DE_KN_residential1_dishwasher | DE_KN_industrial1_grid_import
2016-03-03T22:00:00Z,554.914,2016-03-03T23:00:00+0100,DE_KN_residential1_freezer | DE_KN_industrial1_pv_1 | DE_KN_residential1_washing_machine | DE_KN_industrial1_pv_2 | DE_KN_residential1_dishwasher | DE_KN_industrial1_grid_import
2016-03-03T23:00:00Z,554.914,2016-03-04T00:00:00+0100,DE_KN_industrial1_pv_2 | DE_KN_industrial1_pv_1 | DE_KN_industrial1_grid_import
2016-03-04T00:00:00Z,554.914,2016-03-04T01:00:00+0100,DE_KN_industrial1_pv_2 | DE_KN_industrial1_pv_1 | DE_KN_industrial1_grid_import | DE_KN_residential3_dishwasher
2016-03-04T01:00:00Z,554.914,2016-03-04T02:00:00+0100,DE_KN_industrial1_pv_2 | DE_KN_industrial1_pv_1 | DE_KN_industrial1_grid_import
2016-03-04T02:00:00Z,554.914,2016-03-04T03:00:00+0100,DE_KN_industrial1_pv_2 | DE_KN_industrial1_pv_1 | DE_KN_industrial1_grid_import
2016-03-04T03:00:00Z,554.914,2016-03-04T04:00:00+0100,DE_KN_residential1_washing_machine | DE_KN_industrial1_pv_2 | DE_KN_industrial1_pv_1 | DE_KN_industrial1_grid_import
2016-03-04T04:00:00Z,554.914,2016-03-04T05:00:00+0100,DE_KN_residential5_dishwasher | DE_KN_residential6_dishwasher | DE_KN_residential6_washing_machine | DE_KN_residential6_grid_import | DE_KN_residential1_washing_machine | DE_KN_residential6_freezer
2016-03-04T05:00:00Z,554.914,2016-03-04T06:00:00+0100,DE_KN_residential6_dishwasher | DE_KN_residential6_washing_machine | DE_KN_residential6_grid_import | DE_KN_residential4_ev | DE_KN_residential6_freezer
2016-03-04T06:00:00Z,554.914,2016-03-04T07:00:00+0100,DE_KN_residential6_dishwasher | DE_KN_residential6_washing_machine | DE_KN_residential6_grid_import | DE_KN_residential1_washing_machine | DE_KN_residential6_freezer
2016-03-04T07:00:00Z,554.929,2016-03-04T08:00:00+0100,DE_KN_residential6_dishwasher | DE_KN_residential6_washing_machine | DE_KN_residential6_grid_import | DE_KN_residential1_washing_machine | DE_KN_residential6_freezer
2016-03-04T08:00:00Z,555.114,2016-03-04T09:00:00+0100,DE_KN_residential6_dishwasher | DE_KN_residential6_washing_machine | DE_KN_residential6_grid_import | DE_KN_residential4_ev | DE_KN_residential1_washing_machine | DE_KN_residential6_freezer
2016-03-04T09:00:00Z,555.594,2016-03-04T10:00:00+0100,DE_KN_residential6_dishwasher | DE_KN_residential6_washing_machine | DE_KN_residential6_grid_import | DE_KN_residential1_washing_machine | DE_KN_residential6_freezer
2016-03-04T10:00:00Z,555.839,2016-03-04T11:00:00+0100,DE_KN_residential1_freezer | DE_KN_residential6_dishwasher | DE_KN_residential6_washing_machine | DE_KN_residential6_grid_import | DE_KN_residential1_washing_machine | DE_KN_residential1_dishwasher | DE_KN_residential6_freezer
2016-03-04T11:00:00Z,556.019,2016-03-04T12:00:00+0100,DE_KN_residential1_dishwasher | DE_KN_residential1_freezer | DE_KN_residential1_washing_machine
2016-03-04T12:00:00Z,556.939,2016-03-04T13:00:00+0100,DE_KN_residential1_dishwasher | DE_KN_residential1_freezer | DE_KN_residential1_washing_machine
2016-03-04T13:00:00Z,557.114,2016-03-04T14:00:00+0100,DE_KN_residential1_dishwasher | DE_KN_residential1_freezer | DE_KN_residential1_washing_machine
2016-03-04T14:00:00Z,557.144,2016-03-04T15:00:00+0100,DE_KN_residential1_freezer | DE_KN_residential6_dishwasher | DE_KN_residential6_washing_machine | DE_KN_residential6_grid_import | DE_KN_residential1_washing_machine | DE_KN_residential1_dishwasher | DE_KN_residential6_freezer
2016-03-04T15:00:00Z,557.144,2016-03-04T16:00:00+0100,DE_KN_residential6_dishwasher | DE_KN_residential6_grid_import | DE_KN_residential6_freezer | DE_KN_residential6_washing_machine
2016-03-04T16:00:00Z,557.144,2016-03-04T17:00:00+0100,DE_KN_residential5_dishwasher | DE_KN_residential3_dishwasher | DE_KN_residential6_dishwasher | DE_KN_residential6_washing_machine | DE_KN_residential6_grid_import | DE_KN_residential6_freezer
2016-03-04T17:00:00Z,557.144,2016-03-04T18:00:00+0100,DE_KN_residential6_dishwasher | DE_KN_residential6_grid_import | DE_KN_residential6_freezer | DE_KN_residential6_washing_machine
2016-03-04T18:00:00Z,557.144,2016-03-04T19:00:00+0100,DE_KN_residential5_dishwasher | DE_KN_residential6_dishwasher | DE_KN_residential6_washing_machine | DE_KN_residential6_grid_import | DE_KN_residential6_freezer
2016-03-04T19:00:00Z,557.144,2016-03-04T20:00:00+0100,DE_KN_residential5_dishwasher | DE_KN_residential3_dishwasher | DE_KN_residential6_dishwasher | DE_KN_residential6_washing_machine | DE_KN_residential6_grid_import | DE_KN_residential4_ev | DE_KN_residential6_freezer
2016-03-04T20:00:00Z,557.144,2016-03-04T21:00:00+0100,DE_KN_residential5_dishwasher | DE_KN_residential3_dishwasher | DE_KN_residential6_dishwasher | DE_KN_residential6_washing_machine | DE_KN_residential6_grid_import | DE_KN_residential6_freezer
2016-03-04T21:00:00Z,557.144,2016-03-04T22:00:00+0100,DE_KN_residential5_dishwasher | DE_KN_residential6_dishwasher | DE_KN_residential6_washing_machine | DE_KN_residential6_grid_import | DE_KN_residential6_freezer
2016-03-04T22:00:00Z,557.144,2016-03-04T23:00:00+0100,DE_KN_residential5_dishwasher | DE_KN_residential6_dishwasher | DE_KN_residential6_washing_machine | DE_KN_residential6_grid_import | DE_KN_residential6_freezer
2016-03-04T23:00:00Z,557.144,2016-03-05T00:00:00+0100,DE_KN_residential3_dishwasher | DE_KN_residential6_dishwasher | DE_KN_residential6_washing_machine | DE_KN_residential6_grid_import | DE_KN_residential6_freezer
2016-03-05T00:00:00Z,557.144,2016-03-05T01:00:00+0100,DE_KN_residential1_freezer | DE_KN_residential6_dishwasher | DE_KN_residential6_washing_machine | DE_KN_residential6_grid_import | DE_KN_residential1_washing_machine | DE_KN_residential1_dishwasher | DE_KN_residential6_freezer
2016-03-05T01:00:00Z,557.144,2016-03-05T02:00:00+0100,DE_KN_residential1_freezer | DE_KN_residential6_dishwasher | DE_KN_residential6_washing_machine | DE_KN_residential6_grid_import | DE_KN_residential1_washing_machine | DE_KN_residential1_dishwasher | DE_KN_residential6_freezer
2016-03-05T02:00:00Z,557.144,2016-03-05T03:00:00+0100,DE_KN_residential3_dishwasher | DE_KN_residential6_dishwasher | DE_KN_residential6_washing_machine | DE_KN_residential6_grid_import | DE_KN_residential6_freezer
2016-03-05T03:00:00Z,557.144,2016-03-05T04:00:00+0100,DE_KN_residential3_dishwasher | DE_KN_residential5_dishwasher | DE_KN_residential6_dishwasher | DE_KN_residential6_washing_machine | DE_KN_residential6_grid_import | DE_KN_residential6_freezer
2016-03-05T04:00:00Z,557.144,2016-03-05T05:00:00+0100,DE_KN_residential6_dishwasher | DE_KN_residential6_grid_import | DE_KN_residential6_freezer | DE_KN_residential6_washing_machine
2016-03-05T05:00:00Z,557.144,2016-03-05T06:00:00+0100,DE_KN_residential5_dishwasher | DE_KN_residential3_dishwasher | DE_KN_residential6_dishwasher | DE_KN_residential6_washing_machine | DE_KN_residential6_grid_import | DE_KN_residential6_freezer
2016-03-05T06:00:00Z,557.144,2016-03-05T07:00:00+0100,DE_KN_residential5_dishwasher | DE_KN_residential3_dishwasher | DE_KN_residential6_dishwasher | DE_KN_residential6_washing_machine | DE_KN_residential6_grid_import | DE_KN_residential6_freezer
2016-03-05T07:00:00Z,557.144,2016-03-05T08:00:00+0100,DE_KN_residential6_dishwasher | DE_KN_residential6_grid_import | DE_KN_residential6_freezer | DE_KN_residential6_washing_machine
2016-03-05T08:00:00Z,557.289,2016-03-05T09:00:00+0100,DE_KN_residential5_dishwasher | DE_KN_residential6_dishwasher | DE_KN_residential6_washing_machine | DE_KN_residential6_grid_import | DE_KN_residential6_freezer
2016-03-05T09:00:00Z,557.519,2016-03-05T10:00:00+0100,DE_KN_residential3_washing_machine | DE_KN_residential5_dishwasher | DE_KN_residential3_dishwasher | DE_KN_residential6_dishwasher | DE_KN_residential6_washing_machine | DE_KN_residential6_grid_import | DE_KN_residential6_freezer
2016-03-05T10:00:00Z,557.719,2016-03-05T11:00:00+0100,DE_KN_residential3_washing_machine | DE_KN_residential6_dishwasher | DE_KN_residential6_washing_machine | DE_KN_residential6_grid_import | DE_KN_residential6_freezer
2016-03-05T11:00:00Z,557.969,2016-03-05T12:00:00+0100,DE_KN_residential5_dishwasher | DE_KN_residential6_dishwasher | DE_KN_residential6_washing_machine | DE_KN_residential6_grid_import | DE_KN_residential6_freezer
2016-03-05T12:00:00Z,558.169,2016-03-05T13:00:00+0100,DE_KN_residential6_dishwasher | DE_KN_residential6_grid_import | DE_KN_residential6_freezer | DE_KN_residential6_washing_machine
2016-03-05T13:00:00Z,558.289,2016-03-05T14:00:00+0100,DE_KN_residential6_dishwasher | DE_KN_residential6_grid_import | DE_KN_residential6_freezer | DE_KN_residential6_washing_machine
2016-03-05T14:00:00Z,558.334,2016-03-05T15:00:00+0100,DE_KN_residential6_dishwasher | DE_KN_residential6_grid_import | DE_KN_residential6_freezer | DE_KN_residential6_washing_machine
2016-03-05T15:00:00Z,558.334,2016-03-05T16:00:00+0100,DE_KN_residential3_dishwasher | DE_KN_residential5_dishwasher | DE_KN_residential6_dishwasher | DE_KN_residential6_washing_machine | DE_KN_residential6_grid_import | DE_KN_residential6_freezer
2016-03-05T16:00:00Z,558.334,2016-03-05T17:00:00+0100,DE_KN_residential6_dishwasher | DE_KN_residential6_grid_import | DE_KN_residential6_freezer | DE_KN_residential6_washing_machine
2016-03-05T17:00:00Z,558.334,2016-03-05T18:00:00+0100,DE_KN_residential6_dishwasher | DE_KN_residential6_grid_import | DE_KN_residential6_freezer | DE_KN_residential6_washing_machine
2016-03-05T18:00:00Z,558.334,2016-03-05T19:00:00+0100,DE_KN_residential3_dishwasher | DE_KN_residential5_dishwasher | DE_KN_residential6_dishwasher | DE_KN_residential6_washing_machine | DE_KN_residential6_grid_import | DE_KN_residential6_freezer
2016-03-05T19:00:00Z,558.334,2016-03-05T20:00:00+0100,DE_KN_residential5_dishwasher | DE_KN_residential6_dishwasher | DE_KN_residential6_washing_machine | DE_KN_residential6_grid_import | DE_KN_residential6_freezer
2016-03-05T20:00:00Z,558.334,2016-03-05T21:00:00+0100,DE_KN_residential6_dishwasher | DE_KN_residential6_grid_import | DE_KN_residential6_freezer | DE_KN_residential6_washing_machine
2016-03-05T21:00:00Z,558.334,2016-03-05T22:00:00+0100,DE_KN_residential3_dishwasher | DE_KN_residential6_dishwasher | DE_KN_residential6_washing_machine | DE_KN_residential6_grid_import | DE_KN_residential6_freezer
2016-03-05T22:00:00Z,558.334,2016-03-05T23:00:00+0100,DE_KN_residential3_dishwasher | DE_KN_residential6_dishwasher | DE_KN_residential6_washing_machine | DE_KN_residential6_grid_import | DE_KN_residential6_freezer
2016-03-05T23:00:00Z,558.334,2016-03-06T00:00:00+0100,DE_KN_residential6_dishwasher | DE_KN_residential6_grid_import | DE_KN_residential6_freezer | DE_KN_residential6_washing_machine
2016-03-06T00:00:00Z,558.334,2016-03-06T01:00:00+0100,DE_KN_residential6_dishwasher | DE_KN_residential6_grid_import | DE_KN_residential6_freezer | DE_KN_residential6_washing_machine
2016-03-06T01:00:00Z,558.334,2016-03-06T02:00:00+0100,DE_KN_residential5_dishwasher | DE_KN_residential6_dishwasher | DE_KN_residential6_washing_machine | DE_KN_residential6_grid_import | DE_KN_residential6_freezer
2016-03-06T02:00:00Z,558.334,2016-03-06T03:00:00+0100,DE_KN_residential5_dishwasher | DE_KN_residential6_dishwasher | DE_KN_residential6_washing_machine | DE_KN_residential6_grid_import | DE_KN_residential6_freezer
2016-03-06T03:00:00Z,558.334,2016-03-06T04:00:00+0100,DE_KN_residential6_dishwasher | DE_KN_residential6_grid_import | DE_KN_residential6_freezer | DE_KN_residential6_washing_machine
2016-03-06T04:00:00Z,558.334,2016-03-06T05:00:00+0100,DE_KN_residential5_dishwasher | DE_KN_residential6_dishwasher | DE_KN_residential6_washing_machine | DE_KN_residential6_grid_import | DE_KN_residential6_freezer
2016-03-06T05:00:00Z,558.334,2016-03-06T06:00:00+0100,DE_KN_residential5_dishwasher | DE_KN_residential6_dishwasher | DE_KN_residential6_washing_machine | DE_KN_residential6_grid_import | DE_KN_residential6_freezer
2016-03-06T06:00:00Z,558.334,2016-03-06T07:00:00+0100,DE_KN_residential6_dishwasher | DE_KN_residential6_grid_import | DE_KN_residential6_freezer | DE_KN_residential6_washing_machine
2016-03-06T07:00:00Z,558.334,2016-03-06T08:00:00+0100,DE_KN_residential4_grid_import | DE_KN_residential5_dishwasher | DE_KN_residential4_grid_export | DE_KN_residential6_dishwasher | DE_KN_residential6_washing_machine | DE_KN_residential6_grid_import | DE_KN_residential6_freezer
2016-03-06T08:00:00Z,558.354,2016-03-06T09:00:00+0100,DE_KN_residential6_dishwasher | DE_KN_residential6_grid_import | DE_KN_residential6_freezer | DE_KN_residential6_washing_machine
2016-03-06T09:00:00Z,558.434,2016-03-06T10:00:00+0100,DE_KN_residential6_dishwasher | DE_KN_residential6_grid_import | DE_KN_residential6_freezer | DE_KN_residential6_washing_machine
2016-03-06T10:00:00Z,558.684,2016-03-06T11:00:00+0100,DE_KN_residential6_dishwasher | DE_KN_residential6_grid_import | DE_KN_residential6_freezer | DE_KN_residential6_washing_machine
2016-03-06T11:00:00Z,559.174,2016-03-06T12:00:00+0100,DE_KN_residential5_dishwasher | DE_KN_residential6_dishwasher | DE_KN_residential6_washing_machine | DE_KN_residential6_grid_import | DE_KN_residential6_freezer
2016-03-06T12:00:00Z,559.254,2016-03-06T13:00:00+0100,DE_KN_residential5_dishwasher | DE_KN_residential6_dishwasher | DE_KN_residential6_washing_machine | DE_KN_residential6_grid_import | DE_KN_residential6_freezer
2016-03-06T13:00:00Z,559.404,2016-03-06T14:00:00+0100,DE_KN_residential5_dishwasher | DE_KN_residential6_dishwasher | DE_KN_residential6_washing_machine | DE_KN_residential6_grid_import | DE_KN_residential6_freezer
2016-03-06T14:00:00Z,559.424,2016-03-06T15:00:00+0100,DE_KN_residential6_dishwasher | DE_KN_residential6_grid_import | DE_KN_residential6_freezer | DE_KN_residential6_washing_machine
2016-03-06T15:00:00Z,559.424,2016-03-06T16:00:00+0100,DE_KN_residential5_dishwasher | DE_KN_residential6_dishwasher | DE_KN_residential6_washing_machine | DE_KN_residential6_grid_import | DE_KN_residential6_freezer
2016-03-06T16:00:00Z,559.424,2016-03-06T17:00:00+0100,DE_KN_residential5_dishwasher | DE_KN_residential6_dishwasher | DE_KN_residential6_washing_machine | DE_KN_residential6_grid_import | DE_KN_residential4_ev | DE_KN_residential6_freezer
2016-03-06T17:00:00Z,559.424,2016-03-06T18:00:00+0100,DE_KN_residential5_dishwasher | DE_KN_residential3_dishwasher | DE_KN_residential6_dishwasher | DE_KN_residential6_washing_machine | DE_KN_residential6_grid_import | DE_KN_residential6_freezer
2016-03-06T18:00:00Z,559.424,2016-03-06T19:00:00+0100,DE_KN_residential6_dishwasher | DE_KN_residential6_grid_import | DE_KN_residential6_freezer | DE_KN_residential6_washing_machine
2016-03-06T19:00:00Z,559.424,2016-03-06T20:00:00+0100,DE_KN_residential6_dishwasher | DE_KN_residential6_grid_import | DE_KN_residential6_freezer | DE_KN_residential6_washing_machine
2016-03-06T20:00:00Z,559.424,2016-03-06T21:00:00+0100,DE_KN_residential5_dishwasher | DE_KN_residential6_dishwasher | DE_KN_residential6_washing_machine | DE_KN_residential6_grid_import | DE_KN_residential6_freezer
2016-03-06T21:00:00Z,559.424,2016-03-06T22:00:00+0100,DE_KN_residential3_dishwasher | DE_KN_residential6_dishwasher | DE_KN_residential6_washing_machine | DE_KN_residential6_grid_import | DE_KN_residential6_freezer
2016-03-06T22:00:00Z,559.424,2016-03-06T23:00:00+0100,DE_KN_residential6_dishwasher | DE_KN_residential6_grid_import | DE_KN_residential6_freezer | DE_KN_residential6_washing_machine
2016-03-06T23:00:00Z,559.424,2016-03-07T00:00:00+0100,DE_KN_residential3_dishwasher | DE_KN_residential6_dishwasher | DE_KN_residential6_washing_machine | DE_KN_residential6_grid_import | DE_KN_residential1_washing_machine | DE_KN_residential6_freezer
2016-03-07T00:00:00Z,559.424,2016-03-07T01:00:00+0100,DE_KN_residential6_dishwasher | DE_KN_residential6_washing_machine | DE_KN_residential6_grid_import | DE_KN_residential1_washing_machine | DE_KN_residential6_freezer
2016-03-07T01:00:00Z,559.424,2016-03-07T02:00:00+0100,DE_KN_residential6_dishwasher | DE_KN_residential6_grid_import | DE_KN_residential6_freezer | DE_KN_residential6_washing_machine
2016-03-07T02:00:00Z,559.424,2016-03-07T03:00:00+0100,DE_KN_residential3_dishwasher | DE_KN_residential6_dishwasher | DE_KN_residential6_washing_machine | DE_KN_residential6_grid_import | DE_KN_residential6_freezer
2016-03-07T03:00:00Z,559.424,2016-03-07T04:00:00+0100,DE_KN_residential1_freezer | DE_KN_residential6_dishwasher | DE_KN_residential6_washing_machine | DE_KN_residential6_grid_import | DE_KN_residential1_washing_machine | DE_KN_residential1_dishwasher | DE_KN_residential6_freezer
2016-03-07T04:00:00Z,559.424,2016-03-07T05:00:00+0100,DE_KN_residential6_dishwasher | DE_KN_residential6_washing_machine | DE_KN_residential6_grid_import | DE_KN_residential1_washing_machine | DE_KN_residential6_freezer
2016-03-07T05:00:00Z,559.424,2016-03-07T06:00:00+0100,DE_KN_residential6_dishwasher | DE_KN_residential6_grid_import | DE_KN_residential6_freezer | DE_KN_residential6_washing_machine
2016-03-07T06:00:00Z,559.424,2016-03-07T07:00:00+0100,DE_KN_residential6_dishwasher | DE_KN_residential6_grid_import | DE_KN_residential6_freezer | DE_KN_residential6_washing_machine
2016-03-07T07:00:00Z,559.424,2016-03-07T08:00:00+0100,DE_KN_residential3_washing_machine | DE_KN_residential3_dishwasher | DE_KN_residential6_dishwasher | DE_KN_residential6_washing_machine | DE_KN_residential6_grid_import | DE_KN_residential6_freezer
2016-03-07T08:00:00Z,559.444,2016-03-07T09:00:00+0100,DE_KN_residential5_dishwasher | DE_KN_residential6_dishwasher | DE_KN_residential6_washing_machine | DE_KN_residential6_grid_import | DE_KN_residential6_freezer
2016-03-07T09:00:00Z,561.636,2016-03-07T10:00:00+0100,DE_KN_residential5_dishwasher | DE_KN_residential6_dishwasher | DE_KN_residential6_washing_machine | DE_KN_residential6_grid_import | DE_KN_residential4_ev | DE_KN_residential6_freezer
2016-03-07T10:00:00Z,563.246,2016-03-07T11:00:00+0100,DE_KN_residential3_dishwasher | DE_KN_residential6_dishwasher | DE_KN_residential6_washing_machine | DE_KN_residential6_grid_import | DE_KN_residential1_washing_machine | DE_KN_residential6_freezer
2016-03-07T11:00:00Z,563.486,2016-03-07T12:00:00+0100,DE_KN_residential1_washing_machine
2016-03-07T12:00:00Z,563.681,2016-03-07T13:00:00+0100,DE_KN_residential6_dishwasher | DE_KN_residential6_washing_machine | DE_KN_residential6_grid_import | DE_KN_residential1_washing_machine | DE_KN_residential6_freezer
2016-03-07T13:00:00Z,564.186,2016-03-07T14:00:00+0100,DE_KN_residential5_dishwasher | DE_KN_residential6_dishwasher | DE_KN_residential6_washing_machine | DE_KN_residential6_grid_import | DE_KN_residential6_freezer
2016-03-07T14:00:00Z,564.496,2016-03-07T15:00:00+0100,DE_KN_residential5_dishwasher | DE_KN_residential4_grid_import | DE_KN_residential4_grid_export | DE_KN_residential6_dishwasher | DE_KN_residential6_washing_machine | DE_KN_residential6_grid_import | DE_KN_residential6_freezer
2016-03-07T15:00:00Z,564.586,2016-03-07T16:00:00+0100,DE_KN_residential5_dishwasher | DE_KN_residential6_dishwasher | DE_KN_residential6_washing_machine | DE_KN_residential6_grid_import | DE_KN_residential6_freezer
2016-03-07T16:00:00Z,564.586,2016-03-07T17:00:00+0100,DE_KN_residential6_dishwasher | DE_KN_residential6_washing_machine | DE_KN_residential6_grid_import | DE_KN_residential1_washing_machine | DE_KN_residential6_freezer
2016-03-07T17:00:00Z,564.586,2016-03-07T18:00:00+0100,DE_KN_residential5_dishwasher | DE_KN_residential6_dishwasher | DE_KN_residential6_washing_machine | DE_KN_residential6_grid_import | DE_KN_residential1_washing_machine | DE_KN_residential6_freezer
2016-03-07T18:00:00Z,564.586,2016-03-07T19:00:00+0100,DE_KN_residential5_dishwasher | DE_KN_residential6_dishwasher | DE_KN_residential6_washing_machine | DE_KN_residential6_grid_import | DE_KN_residential6_freezer
2016-03-07T19:00:00Z,564.586,2016-03-07T20:00:00+0100,DE_KN_residential5_dishwasher | DE_KN_residential4_grid_import | DE_KN_residential4_grid_export | DE_KN_residential6_dishwasher | DE_KN_residential6_washing_machine | DE_KN_residential6_grid_import | DE_KN_residential6_freezer
2016-03-07T20:00:00Z,564.586,2016-03-07T21:00:00+0100,DE_KN_residential6_dishwasher | DE_KN_residential6_washing_machine | DE_KN_residential6_grid_import | DE_KN_residential1_washing_machine | DE_KN_residential6_freezer
2016-03-07T21:00:00Z,564.586,2016-03-07T22:00:00+0100,DE_KN_residential6_dishwasher | DE_KN_residential6_washing_machine | DE_KN_residential6_grid_import | DE_KN_residential1_washing_machine | DE_KN_residential6_freezer
2016-03-07T22:00:00Z,564.586,2016-03-07T23:00:00+0100,DE_KN_residential3_dishwasher | DE_KN_residential6_dishwasher | DE_KN_residential6_washing_machine | DE_KN_residential6_grid_import | DE_KN_residential4_ev | DE_KN_residential6_freezer
2016-03-07T23:00:00Z,564.586,2016-03-08T00:00:00+0100,DE_KN_residential5_dishwasher | DE_KN_residential6_dishwasher | DE_KN_residential6_washing_machine | DE_KN_residential6_grid_import | DE_KN_residential4_ev | DE_KN_residential6_freezer
2016-03-08T00:00:00Z,564.586,2016-03-08T01:00:00+0100,DE_KN_residential6_dishwasher | DE_KN_residential6_grid_import | DE_KN_residential6_freezer | DE_KN_residential6_washing_machine
2016-03-08T01:00:00Z,564.586,2016-03-08T02:00:00+0100,DE_KN_residential5_dishwasher | DE_KN_residential6_dishwasher | DE_KN_residential6_washing_machine | DE_KN_residential6_grid_import | DE_KN_residential6_freezer
2016-03-08T02:00:00Z,564.586,2016-03-08T03:00:00+0100,DE_KN_residential3_dishwasher | DE_KN_residential6_dishwasher | DE_KN_residential6_washing_machine | DE_KN_residential6_grid_import | DE_KN_residential6_freezer
2016-03-08T03:00:00Z,564.586,2016-03-08T04:00:00+0100,DE_KN_residential6_dishwasher | DE_KN_residential6_grid_import | DE_KN_residential6_freezer | DE_KN_residential6_washing_machine
2016-03-08T04:00:00Z,564.586,2016-03-08T05:00:00+0100,DE_KN_residential6_dishwasher | DE_KN_residential6_grid_import | DE_KN_residential6_freezer | DE_KN_residential6_washing_machine
2016-03-08T05:00:00Z,564.586,2016-03-08T06:00:00+0100,DE_KN_residential3_dishwasher | DE_KN_residential6_dishwasher | DE_KN_residential6_washing_machine | DE_KN_residential6_grid_import | DE_KN_residential1_washing_machine | DE_KN_residential6_freezer
2016-03-08T06:00:00Z,564.586,2016-03-08T07:00:00+0100,DE_KN_residential5_dishwasher | DE_KN_residential6_dishwasher | DE_KN_residential6_washing_machine | DE_KN_residential6_grid_import | DE_KN_residential1_washing_machine | DE_KN_residential6_freezer
2016-03-08T07:00:00Z,564.586,2016-03-08T08:00:00+0100,DE_KN_residential1_freezer | DE_KN_residential6_dishwasher | DE_KN_residential6_washing_machine | DE_KN_residential6_grid_import | DE_KN_residential1_washing_machine | DE_KN_residential1_dishwasher | DE_KN_residential6_freezer
2016-03-08T08:00:00Z,565.046,2016-03-08T09:00:00+0100,DE_KN_residential1_freezer | DE_KN_residential6_dishwasher | DE_KN_residential6_washing_machine | DE_KN_residential6_grid_import | DE_KN_residential1_washing_machine | DE_KN_residential1_dishwasher | DE_KN_residential6_freezer
2016-03-08T09:00:00Z,566.116,2016-03-08T10:00:00+0100,DE_KN_residential1_freezer | DE_KN_residential3_dishwasher | DE_KN_residential6_dishwasher | DE_KN_residential6_washing_machine | DE_KN_residential6_grid_import | DE_KN_residential1_washing_machine | DE_KN_residential1_dishwasher | DE_KN_residential6_freezer
2016-03-08T10:00:00Z,567.701,2016-03-08T11:00:00+0100,DE_KN_residential5_dishwasher | DE_KN_residential6_dishwasher | DE_KN_residential6_washing_machine | DE_KN_residential6_grid_import | DE_KN_residential6_freezer
2016-03-08T11:00:00Z,569.343,2016-03-08T12:00:00+0100,DE_KN_residential3_dishwasher | DE_KN_residential6_dishwasher | DE_KN_residential6_washing_machine | DE_KN_residential6_grid_import | DE_KN_residential6_freezer
2016-03-08T12:00:00Z,570.548,2016-03-08T13:00:00+0100,DE_KN_residential3_dishwasher | DE_KN_residential6_dishwasher | DE_KN_residential6_washing_machine | DE_KN_residential6_grid_import | DE_KN_residential6_freezer
2016-03-08T13:00:00Z,570.883,2016-03-08T14:00:00+0100,DE_KN_residential5_dishwasher | DE_KN_residential6_dishwasher | DE_KN_residential6_washing_machine | DE_KN_residential6_grid_import | DE_KN_residential6_freezer
2016-03-08T14:00:00Z,571.188,2016-03-08T15:00:00+0100,DE_KN_residential5_dishwasher | DE_KN_residential6_dishwasher | DE_KN_residential6_washing_machine | DE_KN_residential6_grid_import | DE_KN_residential1_washing_machine | DE_KN_residential6_freezer
2016-03-08T15:00:00Z,571.251,2016-03-08T16:00:00+0100,DE_KN_residential5_dishwasher | DE_KN_residential3_dishwasher | DE_KN_residential6_dishwasher | DE_KN_residential6_washing_machine | DE_KN_residential6_grid_import | DE_KN_residential6_freezer
2016-03-08T16:00:00Z,571.251,2016-03-08T17:00:00+0100,DE_KN_residential5_dishwasher | DE_KN_residential3_dishwasher | DE_KN_residential6_dishwasher | DE_KN_residential6_washing_machine | DE_KN_residential6_grid_import | DE_KN_residential6_freezer
2016-03-08T17:00:00Z,571.251,2016-03-08T18:00:00+0100,DE_KN_residential6_dishwasher | DE_KN_residential6_grid_import | DE_KN_residential6_freezer | DE_KN_residential6_washing_machine
2016-03-08T18:00:00Z,571.251,2016-03-08T19:00:00+0100,DE_KN_residential3_dishwasher | DE_KN_residential6_dishwasher | DE_KN_residential6_washing_machine | DE_KN_residential6_grid_import | DE_KN_residential6_freezer
2016-03-08T19:00:00Z,571.251,2016-03-08T20:00:00+0100,DE_KN_residential6_dishwasher | DE_KN_residential6_grid_import | DE_KN_residential6_freezer | DE_KN_residential6_washing_machine
2016-03-08T20:00:00Z,571.251,2016-03-08T21:00:00+0100,DE_KN_residential3_washing_machine | DE_KN_residential6_dishwasher | DE_KN_residential6_washing_machine | DE_KN_residential6_grid_import | DE_KN_residential6_freezer
2016-03-08T21:00:00Z,571.251,2016-03-08T22:00:00+0100,DE_KN_residential3_washing_machine | DE_KN_residential6_dishwasher | DE_KN_residential6_washing_machine | DE_KN_residential6_grid_import | DE_KN_residential6_freezer
2016-03-08T22:00:00Z,571.251,2016-03-08T23:00:00+0100,DE_KN_residential6_dishwasher | DE_KN_residential6_grid_import | DE_KN_residential6_freezer | DE_KN_residential6_washing_machine
2016-03-08T23:00:00Z,571.251,2016-03-09T00:00:00+0100,DE_KN_residential6_dishwasher | DE_KN_residential6_washing_machine | DE_KN_residential6_grid_import | DE_KN_residential1_washing_machine | DE_KN_residential6_freezer
2016-03-09T00:00:00Z,571.251,2016-03-09T01:00:00+0100,DE_KN_residential6_dishwasher | DE_KN_residential6_washing_machine | DE_KN_residential6_grid_import | DE_KN_residential1_washing_machine | DE_KN_residential6_freezer
2016-03-09T01:00:00Z,571.251,2016-03-09T02:00:00+0100,DE_KN_residential6_dishwasher | DE_KN_residential6_washing_machine | DE_KN_residential6_grid_import | DE_KN_residential1_washing_machine | DE_KN_residential6_freezer
2016-03-09T02:00:00Z,571.251,2016-03-09T03:00:00+0100,DE_KN_residential5_dishwasher | DE_KN_residential6_dishwasher | DE_KN_residential6_washing_machine | DE_KN_residential6_grid_import | DE_KN_residential1_washing_machine | DE_KN_residential6_freezer
2016-03-09T03:00:00Z,571.251,2016-03-09T04:00:00+0100,DE_KN_residential5_dishwasher | DE_KN_residential6_dishwasher | DE_KN_residential6_washing_machine | DE_KN_residential6_grid_import | DE_KN_residential6_freezer
2016-03-09T04:00:00Z,571.251,2016-03-09T05:00:00+0100,DE_KN_residential3_dishwasher | DE_KN_residential6_dishwasher | DE_KN_residential6_washing_machine | DE_KN_residential6_grid_import | DE_KN_residential6_freezer
2016-03-09T05:00:00Z,571.251,2016-03-09T06:00:00+0100,DE_KN_residential1_freezer | DE_KN_residential5_dishwasher | DE_KN_residential6_dishwasher | DE_KN_residential6_washing_machine | DE_KN_residential6_grid_import | DE_KN_residential1_washing_machine | DE_KN_residential1_dishwasher | DE_KN_residential6_freezer
2016-03-09T06:00:00Z,571.251,2016-03-09T07:00:00+0100,DE_KN_residential1_freezer | DE_KN_residential6_dishwasher | DE_KN_residential6_washing_machine | DE_KN_residential6_grid_import | DE_KN_residential1_washing_machine | DE_KN_residential1_dishwasher | DE_KN_residential6_freezer
2016-03-09T07:00:00Z,571.276,2016-03-09T08:00:00+0100,DE_KN_residential6_dishwasher | DE_KN_residential6_grid_import | DE_KN_residential6_freezer | DE_KN_residential6_washing_machine
2016-03-09T08:00:00Z,571.599,2016-03-09T09:00:00+0100,DE_KN_residential6_dishwasher | DE_KN_residential6_grid_import | DE_KN_residential6_freezer | DE_KN_residential6_washing_machine
2016-03-09T09:00:00Z,573.356,2016-03-09T10:00:00+0100,DE_KN_residential6_dishwasher | DE_KN_residential6_grid_import | DE_KN_residential6_freezer | DE_KN_residential6_washing_machine
2016-03-09T10:00:00Z,574.669,2016-03-09T11:00:00+0100,DE_KN_residential6_dishwasher | DE_KN_residential6_grid_import | DE_KN_residential6_freezer | DE_KN_residential6_washing_machine
2016-03-09T11:00:00Z,575.404,2016-03-09T12:00:00+0100,DE_KN_residential6_dishwasher | DE_KN_residential6_grid_import | DE_KN_residential6_freezer | DE_KN_residential6_washing_machine
2016-03-09T12:00:00Z,575.856,2016-03-09T13:00:00+0100,DE_KN_residential3_dishwasher | DE_KN_residential6_dishwasher | DE_KN_residential6_washing_machine | DE_KN_residential6_grid_import | DE_KN_residential6_freezer
2016-03-09T13:00:00Z,576.049,2016-03-09T14:00:00+0100,DE_KN_residential6_dishwasher | DE_KN_residential6_grid_import | DE_KN_residential6_freezer | DE_KN_residential6_washing_machine
2016-03-09T14:00:00Z,576.189,2016-03-09T15:00:00+0100,DE_KN_residential6_dishwasher | DE_KN_residential6_grid_import | DE_KN_residential6_freezer | DE_KN_residential6_washing_machine
2016-03-09T15:00:00Z,576.209,2016-03-09T16:00:00+0100,DE_KN_residential3_dishwasher | DE_KN_residential6_dishwasher | DE_KN_residential6_washing_machine | DE_KN_residential6_grid_import | DE_KN_residential6_freezer
2016-03-09T16:00:00Z,576.237,2016-03-09T17:00:00+0100,DE_KN_residential6_dishwasher | DE_KN_residential6_grid_import | DE_KN_residential6_freezer | DE_KN_residential6_washing_machine
2016-03-09T17:00:00Z,576.237,2016-03-09T18:00:00+0100,DE_KN_residential6_dishwasher | DE_KN_residential6_grid_import | DE_KN_residential6_freezer | DE_KN_residential6_washing_machine
2016-03-09T18:00:00Z,576.237,2016-03-09T19:00:00+0100,DE_KN_residential6_dishwasher | DE_KN_residential6_grid_import | DE_KN_residential6_freezer | DE_KN_residential6_washing_machine
2016-03-09T19:00:00Z,576.237,2016-03-09T20:00:00+0100,DE_KN_residential6_dishwasher | DE_KN_residential6_grid_import | DE_KN_residential6_freezer | DE_KN_residential6_washing_machine
2016-03-09T20:00:00Z,576.237,2016-03-09T21:00:00+0100,DE_KN_residential2_grid_import | DE_KN_residential2_freezer | DE_KN_residential6_dishwasher | DE_KN_residential6_washing_machine | DE_KN_residential6_grid_import | DE_KN_residential2_dishwasher | DE_KN_residential2_washing_machine | DE_KN_residential6_freezer | DE_KN_residential2_circulation_pump
2016-03-09T21:00:00Z,576.237,2016-03-09T22:00:00+0100,DE_KN_industrial1_pv_1 | DE_KN_residential2_circulation_pump | DE_KN_industrial1_pv_2 | DE_KN_industrial1_grid_import | DE_KN_residential2_grid_import
2016-03-09T22:00:00Z,576.237,2016-03-09T23:00:00+0100,DE_KN_industrial1_pv_2 | DE_KN_industrial1_pv_1 | DE_KN_industrial1_grid_import
2016-03-09T23:00:00Z,576.237,2016-03-10T00:00:00+0100,DE_KN_industrial1_pv_2 | DE_KN_industrial1_pv_1 | DE_KN_industrial1_grid_import | DE_KN_residential3_dishwasher
2016-03-10T00:00:00Z,576.237,2016-03-10T01:00:00+0100,DE_KN_industrial1_pv_2 | DE_KN_industrial1_pv_1 | DE_KN_industrial1_grid_import
2016-03-10T01:00:00Z,576.237,2016-03-10T02:00:00+0100,DE_KN_industrial1_pv_2 | DE_KN_industrial1_pv_1 | DE_KN_industrial1_grid_import
2016-03-10T02:00:00Z,576.237,2016-03-10T03:00:00+0100,DE_KN_industrial1_pv_2 | DE_KN_industrial1_pv_1 | DE_KN_industrial1_grid_import | DE_KN_residential3_dishwasher
2016-03-10T03:00:00Z,576.237,2016-03-10T04:00:00+0100,DE_KN_industrial1_pv_2 | DE_KN_industrial1_pv_1 | DE_KN_industrial1_grid_import | DE_KN_residential5_dishwasher
2016-03-10T04:00:00Z,576.237,2016-03-10T05:00:00+0100,DE_KN_industrial1_pv_2 | DE_KN_industrial1_pv_1 | DE_KN_industrial1_grid_import
2016-03-10T05:00:00Z,576.237,2016-03-10T06:00:00+0100,DE_KN_industrial1_pv_2 | DE_KN_industrial1_pv_1 | DE_KN_industrial1_grid_import
2016-03-10T06:00:00Z,576.237,2016-03-10T07:00:00+0100,DE_KN_industrial1_pv_2 | DE_KN_industrial1_pv_1 | DE_KN_industrial1_grid_import | DE_KN_residential3_dishwasher
2016-03-10T07:00:00Z,576.272,2016-03-10T08:00:00+0100,DE_KN_residential1_freezer | DE_KN_residential1_dishwasher | DE_KN_industrial1_pv_1 | DE_KN_residential1_washing_machine | DE_KN_industrial1_pv_2 | DE_KN_industrial1_grid_import
2016-03-10T08:00:00Z,576.612,2016-03-10T09:00:00+0100,DE_KN_residential1_freezer | DE_KN_industrial1_pv_1 | DE_KN_residential1_washing_machine | DE_KN_industrial1_pv_2 | DE_KN_residential1_dishwasher | DE_KN_industrial1_grid_import
2016-03-10T09:00:00Z,577.641,2016-03-10T10:00:00+0100,DE_KN_industrial1_pv_2 | DE_KN_industrial1_pv_1 | DE_KN_industrial1_grid_import
2016-03-10T10:00:00Z,578.782,2016-03-10T11:00:00+0100,DE_KN_industrial1_pv_2 | DE_KN_industrial1_pv_1 | DE_KN_industrial1_grid_import
2016-03-10T11:00:00Z,580.161,2016-03-10T12:00:00+0100,DE_KN_residential1_freezer | DE_KN_residential1_dishwasher | DE_KN_industrial1_pv_1 | DE_KN_residential1_washing_machine | DE_KN_industrial1_pv_2 | DE_KN_industrial1_grid_import
2016-03-10T12:00:00Z,580.676,2016-03-10T13:00:00+0100,DE_KN_residential1_freezer | DE_KN_residential5_dishwasher | DE_KN_industrial1_pv_1 | DE_KN_residential1_washing_machine | DE_KN_industrial1_pv_2 | DE_KN_residential1_dishwasher | DE_KN_industrial1_grid_import
2016-03-10T13:00:00Z,580.961,2016-03-10T14:00:00+0100,DE_KN_industrial1_pv_2 | DE_KN_industrial1_pv_1 | DE_KN_industrial1_grid_import
2016-03-10T14:00:00Z,581.087,2016-03-10T15:00:00+0100,DE_KN_industrial1_pv_2 | DE_KN_industrial1_pv_1 | DE_KN_industrial1_grid_import
2016-03-10T15:00:00Z,581.097,2016-03-10T16:00:00+0100,DE_KN_industrial1_pv_2 | DE_KN_industrial1_pv_1 | DE_KN_industrial1_grid_import | DE_KN_residential5_dishwasher
2016-03-10T16:00:00Z,581.097,2016-03-10T17:00:00+0100,DE_KN_residential1_freezer | DE_KN_residential5_dishwasher | DE_KN_industrial1_pv_1 | DE_KN_residential1_washing_machine | DE_KN_industrial1_pv_2 | DE_KN_residential1_dishwasher | DE_KN_industrial1_grid_import
2016-03-10T17:00:00Z,581.097,2016-03-10T18:00:00+0100,DE_KN_residential1_freezer | DE_KN_residential5_dishwasher | DE_KN_industrial1_pv_1 | DE_KN_residential1_washing_machine | DE_KN_industrial1_pv_2 | DE_KN_residential1_dishwasher | DE_KN_industrial1_grid_import
2016-03-10T18:00:00Z,581.097,2016-03-10T19:00:00+0100,DE_KN_industrial1_pv_2 | DE_KN_industrial1_pv_1 | DE_KN_industrial1_grid_import | DE_KN_residential5_dishwasher
2016-03-10T19:00:00Z,581.097,2016-03-10T20:00:00+0100,DE_KN_residential3_washing_machine | DE_KN_residential3_dishwasher | DE_KN_residential5_dishwasher | DE_KN_industrial1_pv_1 | DE_KN_industrial1_pv_2 | DE_KN_industrial1_grid_import
2016-03-10T20:00:00Z,581.097,2016-03-10T21:00:00+0100,DE_KN_residential3_washing_machine | DE_KN_residential5_dishwasher | DE_KN_industrial1_pv_1 | DE_KN_industrial1_pv_2 | DE_KN_industrial1_grid_import
2016-03-10T21:00:00Z,581.097,2016-03-10T22:00:00+0100,DE_KN_industrial1_pv_2 | DE_KN_industrial1_pv_1 | DE_KN_industrial1_grid_import
2016-03-10T22:00:00Z,581.097,2016-03-10T23:00:00+0100,DE_KN_industrial1_pv_2 | DE_KN_industrial1_pv_1 | DE_KN_industrial1_grid_import
2016-03-10T23:00:00Z,581.097,2016-03-11T00:00:00+0100,DE_KN_industrial1_pv_2 | DE_KN_industrial1_pv_1 | DE_KN_industrial1_grid_import
2016-03-11T00:00:00Z,581.097,2016-03-11T01:00:00+0100,DE_KN_industrial1_pv_2 | DE_KN_industrial1_pv_1 | DE_KN_industrial1_grid_import | DE_KN_residential5_dishwasher
2016-03-11T01:00:00Z,581.097,2016-03-11T02:00:00+0100,DE_KN_industrial1_pv_2 | DE_KN_industrial1_pv_1 | DE_KN_industrial1_grid_import
2016-03-11T02:00:00Z,581.097,2016-03-11T03:00:00+0100,DE_KN_residential4_grid_import | DE_KN_residential3_dishwasher | DE_KN_residential4_grid_export | DE_KN_industrial1_pv_1 | DE_KN_industrial1_pv_2 | DE_KN_industrial1_grid_import
2016-03-11T03:00:00Z,581.097,2016-03-11T04:00:00+0100,DE_KN_industrial1_pv_2 | DE_KN_industrial1_pv_1 | DE_KN_industrial1_grid_import
2016-03-11T04:00:00Z,581.097,2016-03-11T05:00:00+0100,DE_KN_industrial1_pv_2 | DE_KN_industrial1_pv_1 | DE_KN_industrial1_grid_import
2016-03-11T05:00:00Z,581.097,2016-03-11T06:00:00+0100,DE_KN_industrial1_pv_2 | DE_KN_industrial1_pv_1 | DE_KN_industrial1_grid_import | DE_KN_residential3_dishwasher
2016-03-11T06:00:00Z,581.097,2016-03-11T07:00:00+0100,DE_KN_industrial1_pv_2 | DE_KN_industrial1_pv_1 | DE_KN_industrial1_grid_import
2016-03-11T07:00:00Z,581.112,2016-03-11T08:00:00+0100,DE_KN_industrial1_pv_2 | DE_KN_industrial1_pv_1 | DE_KN_industrial1_grid_import
2016-03-11T08:00:00Z,581.297,2016-03-11T09:00:00+0100,DE_KN_residential3_dishwasher | DE_KN_residential5_dishwasher | DE_KN_industrial1_pv_1 | DE_KN_industrial1_pv_2 | DE_KN_industrial1_grid_import
2016-03-11T09:00:00Z,581.777,2016-03-11T10:00:00+0100,DE_KN_industrial1_pv_2 | DE_KN_industrial1_pv_1 | DE_KN_industrial1_grid_import | DE_KN_residential3_dishwasher
2016-03-11T10:00:00Z,582.022,2016-03-11T11:00:00+0100,DE_KN_industrial1_pv_2 | DE_KN_industrial1_pv_1 | DE_KN_industrial1_grid_import | DE_KN_residential5_dishwasher
2016-03-11T11:00:00Z,582.201,2016-03-11T12:00:00+0100,DE_KN_industrial1_pv_2 | DE_KN_industrial1_pv_1 | DE_KN_industrial1_grid_import
2016-03-11T12:00:00Z,582.412,2016-03-11T13:00:00+0100,DE_KN_industrial1_pv_2 | DE_KN_industrial1_pv_1 | DE_KN_industrial1_grid_import
2016-03-11T13:00:00Z,582.587,2016-03-11T14:00:00+0100,DE_KN_industrial1_pv_2 | DE_KN_industrial1_pv_1 | DE_KN_industrial1_grid_import
2016-03-11T14:00:00Z,582.617,2016-03-11T15:00:00+0100,DE_KN_residential2_grid_import | DE_KN_residential2_freezer | DE_KN_residential5_dishwasher | DE_KN_industrial1_pv_1 | DE_KN_residential2_dishwasher | DE_KN_residential2_washing_machine | DE_KN_industrial1_pv_2 | DE_KN_industrial1_grid_import | DE_KN_residential2_circulation_pump
2016-03-11T15:00:00Z,582.617,2016-03-11T16:00:00+0100,DE_KN_residential2_freezer | DE_KN_residential2_circulation_pump | DE_KN_residential2_dishwasher | DE_KN_residential2_washing_machine | DE_KN_residential2_grid_import
2016-03-11T16:00:00Z,582.617,2016-03-11T17:00:00+0100,DE_KN_residential2_freezer | DE_KN_residential2_circulation_pump | DE_KN_residential2_dishwasher | DE_KN_residential1_washing_machine | DE_KN_residential2_washing_machine | DE_KN_residential2_grid_import
2016-03-11T17:00:00Z,582.617,2016-03-11T18:00:00+0100,DE_KN_residential1_washing_machine
2016-03-11T18:00:00Z,582.617,2016-03-11T19:00:00+0100,DE_KN_residential2_freezer | DE_KN_residential2_circulation_pump | DE_KN_residential2_dishwasher | DE_KN_residential1_washing_machine | DE_KN_residential2_washing_machine | DE_KN_residential2_grid_import
2016-03-11T19:00:00Z,582.617,2016-03-11T20:00:00+0100,DE_KN_residential2_freezer | DE_KN_residential2_circulation_pump | DE_KN_residential2_dishwasher | DE_KN_residential1_washing_machine | DE_KN_residential2_washing_machine | DE_KN_residential2_grid_import
2016-03-11T20:00:00Z,582.617,2016-03-11T21:00:00+0100,DE_KN_residential1_washing_machine
2016-03-11T21:00:00Z,582.617,2016-03-11T22:00:00+0100,DE_KN_residential1_washing_machine
2016-03-11T22:00:00Z,582.617,2016-03-11T23:00:00+0100,DE_KN_residential2_freezer | DE_KN_residential2_circulation_pump | DE_KN_residential2_dishwasher | DE_KN_residential1_washing_machine | DE_KN_residential2_washing_machine | DE_KN_residential2_grid_import
2016-03-11T23:00:00Z,582.617,2016-03-12T00:00:00+0100,DE_KN_residential2_freezer | DE_KN_residential1_freezer | DE_KN_residential2_circulation_pump | DE_KN_residential2_dishwasher | DE_KN_residential1_washing_machine | DE_KN_residential2_washing_machine | DE_KN_residential1_dishwasher | DE_KN_residential2_grid_import
2016-03-12T00:00:00Z,582.617,2016-03-12T01:00:00+0100,DE_KN_residential2_grid_import | DE_KN_residential1_freezer | DE_KN_residential2_freezer | DE_KN_residential2_dishwasher | DE_KN_residential1_washing_machine | DE_KN_residential2_washing_machine | DE_KN_residential1_dishwasher | DE_KN_residential2_circulation_pump
2016-03-12T01:00:00Z,582.617,2016-03-12T02:00:00+0100,DE_KN_residential1_washing_machine
2016-03-12T02:00:00Z,582.617,2016-03-12T03:00:00+0100,DE_KN_residential2_freezer | DE_KN_residential2_circulation_pump | DE_KN_residential2_dishwasher | DE_KN_residential1_washing_machine | DE_KN_residential2_washing_machine | DE_KN_residential2_grid_import
2016-03-12T03:00:00Z,582.617,2016-03-12T04:00:00+0100,DE_KN_residential2_freezer | DE_KN_residential2_circulation_pump | DE_KN_residential2_dishwasher | DE_KN_residential1_washing_machine | DE_KN_residential2_washing_machine | DE_KN_residential2_grid_import
2016-03-12T04:00:00Z,582.617,2016-03-12T05:00:00+0100,DE_KN_residential2_freezer | DE_KN_residential2_circulation_pump | DE_KN_residential2_dishwasher | DE_KN_residential1_washing_machine | DE_KN_residential2_washing_machine | DE_KN_residential2_grid_import
2016-03-12T05:00:00Z,582.617,2016-03-12T06:00:00+0100,DE_KN_residential2_freezer | DE_KN_residential1_freezer | DE_KN_residential2_circulation_pump | DE_KN_residential2_dishwasher | DE_KN_residential1_washing_machine | DE_KN_residential2_washing_machine | DE_KN_residential1_dishwasher | DE_KN_residential2_grid_import
2016-03-12T06:00:00Z,582.617,2016-03-12T07:00:00+0100,DE_KN_residential2_grid_import | DE_KN_residential1_freezer | DE_KN_residential2_freezer | DE_KN_residential2_dishwasher | DE_KN_residential1_washing_machine | DE_KN_residential2_washing_machine | DE_KN_residential1_dishwasher | DE_KN_residential2_circulation_pump
2016-03-12T07:00:00Z,582.617,2016-03-12T08:00:00+0100,DE_KN_residential2_freezer | DE_KN_residential2_circulation_pump | DE_KN_residential2_dishwasher | DE_KN_residential2_washing_machine | DE_KN_residential2_grid_import
2016-03-12T08:00:00Z,582.762,2016-03-12T09:00:00+0100,DE_KN_residential2_freezer | DE_KN_residential2_circulation_pump | DE_KN_residential2_dishwasher | DE_KN_residential2_washing_machine | DE_KN_residential2_grid_import
2016-03-12T09:00:00Z,582.992,2016-03-12T10:00:00+0100,DE_KN_residential2_freezer | DE_KN_residential2_circulation_pump | DE_KN_residential2_dishwasher | DE_KN_residential1_washing_machine | DE_KN_residential2_washing_machine | DE_KN_residential2_grid_import
2016-03-12T10:00:00Z,583.191,2016-03-12T11:00:00+0100,DE_KN_residential2_freezer | DE_KN_residential2_circulation_pump | DE_KN_residential2_dishwasher | DE_KN_residential1_washing_machine | DE_KN_residential2_washing_machine | DE_KN_residential2_grid_import
2016-03-12T11:00:00Z,583.441,2016-03-12T12:00:00+0100,DE_KN_residential1_washing_machine
2016-03-12T12:00:00Z,583.642,2016-03-12T13:00:00+0100,DE_KN_residential1_washing_machine
2016-03-12T13:00:00Z,583.762,2016-03-12T14:00:00+0100,DE_KN_residential1_washing_machine
2016-03-12T14:00:00Z,583.807,2016-03-12T15:00:00+0100,DE_KN_residential1_washing_machine
2016-03-12T15:00:00Z,583.807,2016-03-12T16:00:00+0100,DE_KN_residential1_washing_machine
2016-03-12T16:00:00Z,583.807,2016-03-12T17:00:00+0100,DE_KN_residential2_freezer | DE_KN_residential2_circulation_pump | DE_KN_residential2_dishwasher | DE_KN_residential1_washing_machine | DE_KN_residential2_washing_machine | DE_KN_residential2_grid_import
2016-03-12T17:00:00Z,583.807,2016-03-12T18:00:00+0100,DE_KN_residential2_freezer | DE_KN_residential2_circulation_pump | DE_KN_residential2_dishwasher | DE_KN_residential1_washing_machine | DE_KN_residential2_washing_machine | DE_KN_residential2_grid_import
2016-03-12T18:00:00Z,583.807,2016-03-12T19:00:00+0100,DE_KN_residential2_freezer | DE_KN_residential2_circulation_pump | DE_KN_residential2_dishwasher | DE_KN_residential2_washing_machine | DE_KN_residential2_grid_import
2016-03-12T19:00:00Z,583.807,2016-03-12T20:00:00+0100,DE_KN_residential2_freezer | DE_KN_residential2_circulation_pump | DE_KN_residential2_dishwasher | DE_KN_residential1_washing_machine | DE_KN_residential2_washing_machine | DE_KN_residential2_grid_import
2016-03-12T20:00:00Z,583.807,2016-03-12T21:00:00+0100,DE_KN_residential2_freezer | DE_KN_residential2_circulation_pump | DE_KN_residential2_dishwasher | DE_KN_residential2_washing_machine | DE_KN_residential2_grid_import
2016-03-12T21:00:00Z,583.807,2016-03-12T22:00:00+0100,DE_KN_residential2_freezer | DE_KN_residential2_circulation_pump | DE_KN_residential2_dishwasher | DE_KN_residential1_washing_machine | DE_KN_residential2_washing_machine | DE_KN_residential2_grid_import
2016-03-12T22:00:00Z,583.807,2016-03-12T23:00:00+0100,DE_KN_residential2_freezer | DE_KN_residential2_circulation_pump | DE_KN_residential2_dishwasher | DE_KN_residential1_washing_machine | DE_KN_residential2_washing_machine | DE_KN_residential2_grid_import
2016-03-12T23:00:00Z,583.807,2016-03-13T00:00:00+0100,DE_KN_residential2_freezer | DE_KN_residential1_freezer | DE_KN_residential2_circulation_pump | DE_KN_residential2_dishwasher | DE_KN_residential1_washing_machine | DE_KN_residential2_washing_machine | DE_KN_residential1_dishwasher | DE_KN_residential2_grid_import
2016-03-13T00:00:00Z,583.807,2016-03-13T01:00:00+0100,DE_KN_residential1_dishwasher | DE_KN_residential1_freezer | DE_KN_residential1_washing_machine
2016-03-13T01:00:00Z,583.807,2016-03-13T02:00:00+0100,DE_KN_residential2_grid_import | DE_KN_residential1_freezer | DE_KN_residential2_freezer | DE_KN_residential2_dishwasher | DE_KN_residential1_washing_machine | DE_KN_residential2_washing_machine | DE_KN_residential1_dishwasher | DE_KN_residential2_circulation_pump
2016-03-13T02:00:00Z,583.807,2016-03-13T03:00:00+0100,DE_KN_residential2_freezer | DE_KN_residential2_circulation_pump | DE_KN_residential2_dishwasher | DE_KN_residential2_washing_machine | DE_KN_residential2_grid_import
2016-03-13T03:00:00Z,583.807,2016-03-13T04:00:00+0100,DE_KN_residential2_freezer | DE_KN_residential2_circulation_pump | DE_KN_residential2_dishwasher | DE_KN_residential2_washing_machine | DE_KN_residential2_grid_import
2016-03-13T04:00:00Z,583.807,2016-03-13T05:00:00+0100,DE_KN_residential2_freezer | DE_KN_residential2_circulation_pump | DE_KN_residential2_dishwasher | DE_KN_residential2_washing_machine | DE_KN_residential2_grid_import
2016-03-13T05:00:00Z,583.807,2016-03-13T06:00:00+0100,DE_KN_residential2_freezer | DE_KN_residential2_circulation_pump | DE_KN_residential2_dishwasher | DE_KN_residential2_washing_machine | DE_KN_residential2_grid_import
2016-03-13T06:00:00Z,583.807,2016-03-13T07:00:00+0100,DE_KN_residential2_freezer | DE_KN_residential2_circulation_pump | DE_KN_residential2_dishwasher | DE_KN_residential2_washing_machine | DE_KN_residential2_grid_import
2016-03-13T07:00:00Z,583.807,2016-03-13T08:00:00+0100,DE_KN_residential2_freezer | DE_KN_residential2_circulation_pump | DE_KN_residential2_dishwasher | DE_KN_residential2_washing_machine | DE_KN_residential2_grid_import
2016-03-13T08:00:00Z,583.827,2016-03-13T09:00:00+0100,DE_KN_residential2_freezer | DE_KN_residential2_circulation_pump | DE_KN_residential2_dishwasher | DE_KN_residential1_washing_machine | DE_KN_residential2_washing_machine | DE_KN_residential2_grid_import
2016-03-13T09:00:00Z,583.907,2016-03-13T10:00:00+0100,DE_KN_residential1_washing_machine
2016-03-13T10:00:00Z,584.157,2016-03-13T11:00:00+0100,DE_KN_residential2_freezer | DE_KN_residential2_circulation_pump | DE_KN_residential2_dishwasher | DE_KN_residential1_washing_machine | DE_KN_residential2_washing_machine | DE_KN_residential2_grid_import
2016-03-13T11:00:00Z,584.647,2016-03-13T12:00:00+0100,DE_KN_residential2_freezer | DE_KN_residential2_circulation_pump | DE_KN_residential2_dishwasher | DE_KN_residential1_washing_machine | DE_KN_residential2_washing_machine | DE_KN_residential2_grid_import
2016-03-13T12:00:00Z,584.727,2016-03-13T13:00:00+0100,DE_KN_residential2_freezer | DE_KN_residential2_circulation_pump | DE_KN_residential2_dishwasher | DE_KN_residential2_washing_machine | DE_KN_residential2_grid_import
2016-03-13T13:00:00Z,584.877,2016-03-13T14:00:00+0100,DE_KN_residential2_freezer | DE_KN_residential2_circulation_pump | DE_KN_residential2_dishwasher | DE_KN_residential2_washing_machine | DE_KN_residential2_grid_import
2016-03-13T14:00:00Z,584.897,2016-03-13T15:00:00+0100,DE_KN_residential2_freezer | DE_KN_residential2_circulation_pump | DE_KN_residential2_dishwasher | DE_KN_residential2_washing_machine | DE_KN_residential2_grid_import
2016-03-13T15:00:00Z,584.897,2016-03-13T16:00:00+0100,DE_KN_residential2_freezer | DE_KN_residential2_circulation_pump | DE_KN_residential2_dishwasher | DE_KN_residential1_washing_machine | DE_KN_residential2_washing_machine | DE_KN_residential2_grid_import
2016-03-13T16:00:00Z,584.897,2016-03-13T17:00:00+0100,DE_KN_residential2_freezer | DE_KN_residential2_circulation_pump | DE_KN_residential2_dishwasher | DE_KN_residential1_washing_machine | DE_KN_residential2_washing_machine | DE_KN_residential2_grid_import
2016-03-13T17:00:00Z,584.897,2016-03-13T18:00:00+0100,DE_KN_residential2_freezer | DE_KN_residential2_circulation_pump | DE_KN_residential2_dishwasher | DE_KN_residential1_washing_machine | DE_KN_residential2_washing_machine | DE_KN_residential2_grid_import
2016-03-13T18:00:00Z,584.897,2016-03-13T19:00:00+0100,DE_KN_residential2_freezer | DE_KN_residential2_circulation_pump | DE_KN_residential2_dishwasher | DE_KN_residential2_washing_machine | DE_KN_residential2_grid_import
2016-03-13T19:00:00Z,584.897,2016-03-13T20:00:00+0100,DE_KN_residential2_freezer | DE_KN_residential2_circulation_pump | DE_KN_residential2_dishwasher | DE_KN_residential1_washing_machine | DE_KN_residential2_washing_machine | DE_KN_residential2_grid_import
2016-03-13T20:00:00Z,584.897,2016-03-13T21:00:00+0100,DE_KN_residential2_freezer | DE_KN_residential2_circulation_pump | DE_KN_residential2_dishwasher | DE_KN_residential1_washing_machine | DE_KN_residential2_washing_machine | DE_KN_residential2_grid_import
2016-03-13T21:00:00Z,584.897,2016-03-13T22:00:00+0100,DE_KN_residential2_freezer | DE_KN_residential2_circulation_pump | DE_KN_residential2_dishwasher | DE_KN_residential1_washing_machine | DE_KN_residential2_washing_machine | DE_KN_residential2_grid_import
2016-03-13T22:00:00Z,584.897,2016-03-13T23:00:00+0100,DE_KN_residential2_freezer | DE_KN_residential2_circulation_pump | DE_KN_residential2_dishwasher | DE_KN_residential2_washing_machine | DE_KN_residential2_grid_import
2016-03-13T23:00:00Z,584.897,2016-03-14T00:00:00+0100,DE_KN_residential2_freezer | DE_KN_residential2_circulation_pump | DE_KN_residential2_dishwasher | DE_KN_residential2_washing_machine | DE_KN_residential2_grid_import
2016-03-14T00:00:00Z,584.897,2016-03-14T01:00:00+0100,DE_KN_residential2_freezer | DE_KN_residential2_circulation_pump | DE_KN_residential2_dishwasher | DE_KN_residential2_washing_machine | DE_KN_residential2_grid_import
2016-03-14T01:00:00Z,584.897,2016-03-14T02:00:00+0100,DE_KN_residential2_freezer | DE_KN_residential2_circulation_pump | DE_KN_residential2_dishwasher | DE_KN_residential2_washing_machine | DE_KN_residential2_grid_import
2016-03-14T02:00:00Z,584.897,2016-03-14T03:00:00+0100,DE_KN_residential2_freezer | DE_KN_residential2_circulation_pump | DE_KN_residential2_dishwasher | DE_KN_residential2_washing_machine | DE_KN_residential2_grid_import
2016-03-14T03:00:00Z,584.897,2016-03-14T04:00:00+0100,DE_KN_residential2_freezer | DE_KN_residential2_circulation_pump | DE_KN_residential2_dishwasher | DE_KN_residential2_washing_machine | DE_KN_residential2_grid_import
2016-03-14T04:00:00Z,584.897,2016-03-14T05:00:00+0100,DE_KN_residential2_freezer | DE_KN_residential2_circulation_pump | DE_KN_residential2_dishwasher | DE_KN_residential1_washing_machine | DE_KN_residential2_washing_machine | DE_KN_residential2_grid_import
2016-03-14T05:00:00Z,584.897,2016-03-14T06:00:00+0100,DE_KN_residential2_freezer | DE_KN_residential2_circulation_pump | DE_KN_residential2_dishwasher | DE_KN_residential2_washing_machine | DE_KN_residential2_grid_import
2016-03-14T06:00:00Z,584.897,2016-03-14T07:00:00+0100,DE_KN_residential2_freezer | DE_KN_residential2_circulation_pump | DE_KN_residential2_dishwasher | DE_KN_residential2_washing_machine | DE_KN_residential2_grid_import
2016-03-14T07:00:00Z,584.897,2016-03-14T08:00:00+0100,DE_KN_residential2_freezer | DE_KN_residential2_circulation_pump | DE_KN_residential2_dishwasher | DE_KN_residential1_washing_machine | DE_KN_residential2_washing_machine | DE_KN_residential2_grid_import
2016-03-14T08:00:00Z,584.917,2016-03-14T09:00:00+0100,DE_KN_residential2_freezer | DE_KN_residential2_circulation_pump | DE_KN_residential2_dishwasher | DE_KN_residential2_washing_machine | DE_KN_residential2_grid_import
2016-03-14T09:00:00Z,585.237,2016-03-14T10:00:00+0100,DE_KN_residential2_freezer | DE_KN_residential2_circulation_pump | DE_KN_residential2_dishwasher | DE_KN_residential2_washing_machine | DE_KN_residential2_grid_import
2016-03-14T10:00:00Z,585.667,2016-03-14T11:00:00+0100,DE_KN_residential2_freezer | DE_KN_residential2_circulation_pump | DE_KN_residential2_dishwasher | DE_KN_residential2_washing_machine | DE_KN_residential2_grid_import
2016-03-14T11:00:00Z,585.907,2016-03-14T12:00:00+0100,DE_KN_residential2_freezer | DE_KN_residential2_circulation_pump | DE_KN_residential2_dishwasher | DE_KN_residential1_washing_machine | DE_KN_residential2_washing_machine | DE_KN_residential2_grid_import
2016-03-14T12:00:00Z,586.102,2016-03-14T13:00:00+0100,DE_KN_residential2_freezer | DE_KN_residential2_circulation_pump | DE_KN_residential2_dishwasher | DE_KN_residential1_washing_machine | DE_KN_residential2_washing_machine | DE_KN_residential2_grid_import
2016-03-14T13:00:00Z,586.607,2016-03-14T14:00:00+0100,DE_KN_residential2_freezer | DE_KN_residential2_circulation_pump | DE_KN_residential2_dishwasher | DE_KN_residential1_washing_machine | DE_KN_residential2_washing_machine | DE_KN_residential2_grid_import
2016-03-14T14:00:00Z,586.917,2016-03-14T15:00:00+0100,DE_KN_residential1_washing_machine
2016-03-14T15:00:00Z,587.007,2016-03-14T16:00:00+0100,DE_KN_residential1_washing_machine
2016-03-14T16:00:00Z,587.007,2016-03-14T17:00:00+0100,DE_KN_residential1_washing_machine
2016-03-14T17:00:00Z,587.007,2016-03-14T18:00:00+0100,DE_KN_residential1_washing_machine
2016-03-14T18:00:00Z,587.007,2016-03-14T19:00:00+0100,DE_KN_residential1_washing_machine
2016-03-14T19:00:00Z,587.007,2016-03-14T20:00:00+0100,DE_KN_residential1_washing_machine
2016-03-14T20:00:00Z,587.007,2016-03-14T21:00:00+0100,DE_KN_residential1_washing_machine
2016-03-14T21:00:00Z,587.007,2016-03-14T22:00:00+0100,DE_KN_residential1_washing_machine
2016-03-14T22:00:00Z,587.007,2016-03-14T23:00:00+0100,DE_KN_residential1_washing_machine | DE_KN_residential3_dishwasher
2016-03-14T23:00:00Z,587.007,2016-03-15T00:00:00+0100,DE_KN_residential1_washing_machine
2016-03-15T00:00:00Z,587.007,2016-03-15T01:00:00+0100,DE_KN_residential1_washing_machine
2016-03-15T01:00:00Z,587.007,2016-03-15T02:00:00+0100,DE_KN_residential1_washing_machine
2016-03-15T02:00:00Z,587.007,2016-03-15T03:00:00+0100,DE_KN_residential1_washing_machine
2016-03-15T03:00:00Z,587.007,2016-03-15T04:00:00+0100,DE_KN_residential1_washing_machine
2016-03-15T04:00:00Z,587.007,2016-03-15T05:00:00+0100,DE_KN_residential1_washing_machine
2016-03-15T05:00:00Z,587.007,2016-03-15T06:00:00+0100,DE_KN_industrial1_grid_import | DE_KN_industrial1_pv_2 | DE_KN_industrial1_pv_1 | DE_KN_residential1_washing_machine
2016-03-15T06:00:00Z,587.007,2016-03-15T07:00:00+0100,DE_KN_residential5_dishwasher | DE_KN_industrial1_pv_1 | DE_KN_residential1_washing_machine | DE_KN_industrial1_pv_2 | DE_KN_industrial1_grid_import
2016-03-15T07:00:00Z,587.007,2016-03-15T08:00:00+0100,DE_KN_residential5_dishwasher | DE_KN_industrial1_pv_1 | DE_KN_residential1_washing_machine | DE_KN_industrial1_pv_2 | DE_KN_industrial1_grid_import
2016-03-15T08:00:00Z,587.466,2016-03-15T09:00:00+0100,DE_KN_residential1_washing_machine | DE_KN_industrial1_pv_2 | DE_KN_industrial1_pv_1 | DE_KN_industrial1_grid_import
2016-03-15T09:00:00Z,588.537,2016-03-15T10:00:00+0100,DE_KN_industrial1_grid_import | DE_KN_industrial1_pv_2 | DE_KN_industrial1_pv_1 | DE_KN_residential1_washing_machine
2016-03-15T10:00:00Z,590.122,2016-03-15T11:00:00+0100,DE_KN_residential5_dishwasher | DE_KN_industrial1_pv_1 | DE_KN_residential4_ev | DE_KN_industrial1_pv_2 | DE_KN_industrial1_grid_import
2016-03-15T11:00:00Z,591.892,2016-03-15T12:00:00+0100,DE_KN_residential1_freezer | DE_KN_residential5_dishwasher | DE_KN_industrial1_pv_1 | DE_KN_residential1_washing_machine | DE_KN_industrial1_pv_2 | DE_KN_residential1_dishwasher | DE_KN_industrial1_grid_import
2016-03-15T12:00:00Z,592.627,2016-03-15T13:00:00+0100,DE_KN_industrial1_pv_2 | DE_KN_industrial1_pv_1 | DE_KN_industrial1_grid_import
2016-03-15T13:00:00Z,592.961,2016-03-15T14:00:00+0100,DE_KN_industrial1_pv_2 | DE_KN_industrial1_pv_1 | DE_KN_industrial1_grid_import | DE_KN_residential5_dishwasher
2016-03-15T14:00:00Z,593.267,2016-03-15T15:00:00+0100,DE_KN_industrial1_pv_2 | DE_KN_industrial1_pv_1 | DE_KN_industrial1_grid_import | DE_KN_residential5_dishwasher
2016-03-15T15:00:00Z,593.329,2016-03-15T16:00:00+0100,DE_KN_residential5_dishwasher | DE_KN_industrial1_pv_1 | DE_KN_residential1_washing_machine | DE_KN_industrial1_pv_2 | DE_KN_industrial1_grid_import
2016-03-15T16:00:00Z,593.329,2016-03-15T17:00:00+0100,DE_KN_residential1_washing_machine | DE_KN_industrial1_pv_2 | DE_KN_industrial1_pv_1 | DE_KN_industrial1_grid_import
2016-03-15T17:00:00Z,593.329,2016-03-15T18:00:00+0100,DE_KN_industrial1_grid_import | DE_KN_industrial1_pv_2 | DE_KN_industrial1_pv_1 | DE_KN_residential1_washing_machine
2016-03-15T18:00:00Z,593.329,2016-03-15T19:00:00+0100,DE_KN_industrial1_pv_2 | DE_KN_industrial1_pv_1 | DE_KN_industrial1_grid_import
2016-03-15T19:00:00Z,593.329,2016-03-15T20:00:00+0100,DE_KN_residential1_washing_machine | DE_KN_industrial1_pv_2 | DE_KN_industrial1_pv_1 | DE_KN_industrial1_grid_import
2016-03-15T20:00:00Z,593.329,2016-03-15T21:00:00+0100,DE_KN_residential1_washing_machine | DE_KN_industrial1_pv_2 | DE_KN_industrial1_pv_1 | DE_KN_industrial1_grid_import
2016-03-15T21:00:00Z,593.329,2016-03-15T22:00:00+0100,DE_KN_residential1_washing_machine | DE_KN_residential5_dishwasher
2016-03-15T22:00:00Z,593.329,2016-03-15T23:00:00+0100,DE_KN_industrial1_grid_import | DE_KN_industrial1_pv_2 | DE_KN_industrial1_pv_1 | DE_KN_residential1_washing_machine
2016-03-15T23:00:00Z,593.329,2016-03-16T00:00:00+0100,DE_KN_industrial1_pv_2 | DE_KN_industrial1_pv_1 | DE_KN_industrial1_grid_import | DE_KN_residential5_dishwasher
2016-03-16T00:00:00Z,593.329,2016-03-16T01:00:00+0100,DE_KN_residential1_washing_machine | DE_KN_industrial1_pv_2 | DE_KN_industrial1_pv_1 | DE_KN_industrial1_grid_import
2016-03-16T01:00:00Z,593.329,2016-03-16T02:00:00+0100,DE_KN_industrial1_grid_import | DE_KN_industrial1_pv_2 | DE_KN_industrial1_pv_1 | DE_KN_residential1_washing_machine
2016-03-16T02:00:00Z,593.329,2016-03-16T03:00:00+0100,DE_KN_residential1_washing_machine
2016-03-16T03:00:00Z,593.329,2016-03-16T04:00:00+0100,DE_KN_residential3_dishwasher | DE_KN_industrial1_pv_1 | DE_KN_residential1_washing_machine | DE_KN_industrial1_pv_2 | DE_KN_industrial1_grid_import
2016-03-16T04:00:00Z,593.329,2016-03-16T05:00:00+0100,DE_KN_residential1_washing_machine
2016-03-16T05:00:00Z,593.329,2016-03-16T06:00:00+0100,DE_KN_industrial1_grid_import | DE_KN_industrial1_pv_2 | DE_KN_industrial1_pv_1 | DE_KN_residential1_washing_machine
2016-03-16T06:00:00Z,593.329,2016-03-16T07:00:00+0100,DE_KN_residential5_dishwasher | DE_KN_industrial1_pv_1 | DE_KN_residential1_washing_machine | DE_KN_industrial1_pv_2 | DE_KN_industrial1_grid_import
2016-03-16T07:00:00Z,593.354,2016-03-16T08:00:00+0100,DE_KN_residential3_dishwasher | DE_KN_industrial1_pv_1 | DE_KN_residential4_ev | DE_KN_residential1_washing_machine | DE_KN_industrial1_pv_2 | DE_KN_industrial1_grid_import
2016-03-16T08:00:00Z,593.484,2016-03-16T09:00:00+0100,DE_KN_industrial1_pv_2 | DE_KN_industrial1_pv_1 | DE_KN_industrial1_grid_import
2016-03-16T09:00:00Z,593.869,2016-03-16T10:00:00+0100,DE_KN_industrial1_pv_2 | DE_KN_industrial1_pv_1 | DE_KN_industrial1_grid_import
2016-03-16T10:00:00Z,594.579,2016-03-16T11:00:00+0100,DE_KN_industrial1_pv_2 | DE_KN_industrial1_pv_1 | DE_KN_industrial1_grid_import
2016-03-16T11:00:00Z,595.314,2016-03-16T12:00:00+0100,DE_KN_industrial1_pv_2 | DE_KN_industrial1_pv_1 | DE_KN_industrial1_grid_import | DE_KN_residential3_dishwasher
2016-03-16T12:00:00Z,595.767,2016-03-16T13:00:00+0100,DE_KN_residential3_dishwasher | DE_KN_industrial1_pv_1 | DE_KN_residential2_dishwasher | DE_KN_industrial1_pv_2 | DE_KN_industrial1_grid_import
2016-03-16T13:00:00Z,595.959,2016-03-16T14:00:00+0100,DE_KN_residential2_dishwasher | DE_KN_industrial1_pv_2 | DE_KN_industrial1_pv_1 | DE_KN_industrial1_grid_import
2016-03-16T14:00:00Z,596.017,2016-03-16T15:00:00+0100,DE_KN_residential2_dishwasher | DE_KN_industrial1_pv_1 | DE_KN_industrial1_grid_import | DE_KN_industrial1_pv_2
2016-03-16T15:00:00Z,596.017,2016-03-16T16:00:00+0100,DE_KN_industrial1_pv_2 | DE_KN_industrial1_pv_1 | DE_KN_industrial1_grid_import | DE_KN_residential3_dishwasher
2016-03-16T16:00:00Z,596.017,2016-03-16T17:00:00+0100,DE_KN_industrial1_pv_2 | DE_KN_industrial1_pv_1 | DE_KN_industrial1_grid_import | DE_KN_residential3_dishwasher
2016-03-16T17:00:00Z,596.017,2016-03-16T18:00:00+0100,DE_KN_industrial1_pv_2 | DE_KN_industrial1_pv_1 | DE_KN_industrial1_grid_import | DE_KN_residential3_dishwasher
2016-03-16T18:00:00Z,596.017,2016-03-16T19:00:00+0100,DE_KN_residential4_grid_import | DE_KN_residential4_grid_export | DE_KN_industrial1_pv_1 | DE_KN_industrial1_pv_2 | DE_KN_industrial1_grid_import
2016-03-16T19:00:00Z,596.017,2016-03-16T20:00:00+0100,DE_KN_residential1_freezer | DE_KN_residential1_dishwasher | DE_KN_industrial1_pv_1 | DE_KN_residential1_washing_machine | DE_KN_industrial1_pv_2 | DE_KN_industrial1_grid_import
2016-03-16T20:00:00Z,596.017,2016-03-16T21:00:00+0100,DE_KN_residential3_dishwasher | DE_KN_industrial1_pv_1 | DE_KN_industrial1_pv_2 | DE_KN_industrial1_grid_import | DE_KN_residential2_circulation_pump
2016-03-16T21:00:00Z,596.017,2016-03-16T22:00:00+0100,DE_KN_residential1_freezer | DE_KN_residential1_dishwasher | DE_KN_residential5_dishwasher | DE_KN_industrial1_pv_1 | DE_KN_residential1_washing_machine | DE_KN_industrial1_pv_2 | DE_KN_industrial1_grid_import
2016-03-16T22:00:00Z,596.017,2016-03-16T23:00:00+0100,DE_KN_industrial1_pv_2 | DE_KN_industrial1_pv_1 | DE_KN_industrial1_grid_import
2016-03-16T23:00:00Z,596.017,2016-03-17T00:00:00+0100,DE_KN_industrial1_pv_2 | DE_KN_industrial1_pv_1 | DE_KN_industrial1_grid_import
2016-03-17T00:00:00Z,596.017,2016-03-17T01:00:00+0100,DE_KN_industrial1_pv_2 | DE_KN_industrial1_pv_1 | DE_KN_industrial1_grid_import
2016-03-17T01:00:00Z,596.017,2016-03-17T02:00:00+0100,DE_KN_residential3_dishwasher | DE_KN_residential5_dishwasher | DE_KN_industrial1_pv_1 | DE_KN_industrial1_pv_2 | DE_KN_industrial1_grid_import
2016-03-17T02:00:00Z,596.017,2016-03-17T03:00:00+0100,DE_KN_industrial1_pv_2 | DE_KN_industrial1_pv_1 | DE_KN_industrial1_grid_import
2016-03-17T03:00:00Z,596.017,2016-03-17T04:00:00+0100,DE_KN_industrial1_pv_2 | DE_KN_industrial1_pv_1 | DE_KN_industrial1_grid_import
2016-03-17T04:00:00Z,596.017,2016-03-17T05:00:00+0100,DE_KN_industrial1_pv_2 | DE_KN_industrial1_pv_1 | DE_KN_industrial1_grid_import | DE_KN_residential3_dishwasher
2016-03-17T05:00:00Z,596.017,2016-03-17T06:00:00+0100,DE_KN_industrial1_pv_2 | DE_KN_industrial1_pv_1 | DE_KN_industrial1_grid_import | DE_KN_residential3_dishwasher
2016-03-17T06:00:00Z,596.017,2016-03-17T07:00:00+0100,DE_KN_industrial1_pv_2 | DE_KN_industrial1_pv_1 | DE_KN_industrial1_grid_import | DE_KN_residential5_dishwasher
2016-03-17T07:00:00Z,596.052,2016-03-17T08:00:00+0100,DE_KN_industrial1_pv_2 | DE_KN_industrial1_pv_1 | DE_KN_industrial1_grid_import | DE_KN_residential5_dishwasher
2016-03-17T08:00:00Z,596.392,2016-03-17T09:00:00+0100,DE_KN_industrial1_pv_2 | DE_KN_industrial1_pv_1 | DE_KN_industrial1_grid_import
2016-03-17T09:00:00Z,597.422,2016-03-17T10:00:00+0100,DE_KN_industrial1_pv_2 | DE_KN_industrial1_pv_1 | DE_KN_industrial1_grid_import | DE_KN_residential5_dishwasher
2016-03-17T10:00:00Z,598.562,2016-03-17T11:00:00+0100,DE_KN_industrial1_pv_2 | DE_KN_industrial1_pv_1 | DE_KN_industrial1_grid_import
2016-03-17T11:00:00Z,599.942,2016-03-17T12:00:00+0100,DE_KN_residential1_freezer | DE_KN_residential1_dishwasher | DE_KN_industrial1_pv_1 | DE_KN_residential1_washing_machine | DE_KN_industrial1_pv_2 | DE_KN_industrial1_grid_import
2016-03-17T12:00:00Z,600.457,2016-03-17T13:00:00+0100,DE_KN_residential1_freezer | DE_KN_industrial1_pv_1 | DE_KN_residential1_washing_machine | DE_KN_industrial1_pv_2 | DE_KN_residential1_dishwasher | DE_KN_industrial1_grid_import
2016-03-17T13:00:00Z,600.742,2016-03-17T14:00:00+0100,DE_KN_residential1_freezer | DE_KN_residential1_dishwasher | DE_KN_industrial1_pv_1 | DE_KN_residential1_washing_machine | DE_KN_industrial1_pv_2 | DE_KN_industrial1_grid_import
2016-03-17T14:00:00Z,600.867,2016-03-17T15:00:00+0100,DE_KN_residential1_freezer | DE_KN_industrial1_pv_1 | DE_KN_residential1_washing_machine | DE_KN_industrial1_pv_2 | DE_KN_residential1_dishwasher | DE_KN_industrial1_grid_import
2016-03-17T15:00:00Z,600.877,2016-03-17T16:00:00+0100,DE_KN_industrial1_pv_2 | DE_KN_industrial1_pv_1 | DE_KN_industrial1_grid_import
2016-03-17T16:00:00Z,600.877,2016-03-17T17:00:00+0100,DE_KN_residential1_freezer | DE_KN_residential3_dishwasher | DE_KN_industrial1_pv_1 | DE_KN_residential1_washing_machine | DE_KN_industrial1_pv_2 | DE_KN_residential1_dishwasher | DE_KN_industrial1_grid_import
2016-03-17T17:00:00Z,600.877,2016-03-17T18:00:00+0100,DE_KN_residential1_freezer | DE_KN_industrial1_pv_1 | DE_KN_residential6_grid_import | DE_KN_residential1_washing_machine | DE_KN_industrial1_pv_2 | DE_KN_residential6_freezer | DE_KN_residential1_dishwasher | DE_KN_industrial1_grid_import
2016-03-17T18:00:00Z,600.877,2016-03-17T19:00:00+0100,DE_KN_industrial1_pv_1 | DE_KN_residential6_grid_import | DE_KN_residential6_freezer | DE_KN_industrial1_pv_2 | DE_KN_industrial1_grid_import
2016-03-17T19:00:00Z,600.877,2016-03-17T20:00:00+0100,DE_KN_residential6_grid_import | DE_KN_residential6_freezer | DE_KN_residential5_dishwasher
2016-03-17T20:00:00Z,600.877,2016-03-17T21:00:00+0100,DE_KN_residential1_freezer | DE_KN_residential5_dishwasher | DE_KN_residential6_grid_import | DE_KN_residential1_washing_machine | DE_KN_residential1_dishwasher | DE_KN_residential6_freezer
2016-03-17T21:00:00Z,600.877,2016-03-17T22:00:00+0100,DE_KN_residential1_freezer | DE_KN_industrial1_pv_1 | DE_KN_residential1_washing_machine | DE_KN_industrial1_pv_2 | DE_KN_residential1_dishwasher | DE_KN_industrial1_grid_import
2016-03-17T22:00:00Z,600.877,2016-03-17T23:00:00+0100,DE_KN_residential1_washing_machine
2016-03-17T23:00:00Z,600.877,2016-03-18T00:00:00+0100,DE_KN_residential1_washing_machine
2016-03-18T00:00:00Z,600.877,2016-03-18T01:00:00+0100,DE_KN_residential1_washing_machine
2016-03-18T01:00:00Z,600.877,2016-03-18T02:00:00+0100,DE_KN_residential1_washing_machine | DE_KN_residential3_dishwasher
2016-03-18T02:00:00Z,600.877,2016-03-18T03:00:00+0100,DE_KN_industrial1_grid_import | DE_KN_industrial1_pv_2 | DE_KN_industrial1_pv_1 | DE_KN_residential1_washing_machine
2016-03-18T03:00:00Z,600.877,2016-03-18T04:00:00+0100,DE_KN_industrial1_grid_import | DE_KN_industrial1_pv_2 | DE_KN_industrial1_pv_1 | DE_KN_residential1_washing_machine
2016-03-18T04:00:00Z,600.877,2016-03-18T05:00:00+0100,DE_KN_residential1_washing_machine
2016-03-18T05:00:00Z,600.877,2016-03-18T06:00:00+0100,DE_KN_residential1_washing_machine
2016-03-18T06:00:00Z,600.877,2016-03-18T07:00:00+0100,DE_KN_industrial1_grid_import | DE_KN_industrial1_pv_2 | DE_KN_industrial1_pv_1 | DE_KN_residential1_washing_machine
2016-03-18T07:00:00Z,600.892,2016-03-18T08:00:00+0100,DE_KN_residential5_dishwasher | DE_KN_industrial1_pv_1 | DE_KN_residential1_washing_machine | DE_KN_industrial1_pv_2 | DE_KN_industrial1_grid_import
2016-03-18T08:00:00Z,601.077,2016-03-18T09:00:00+0100,DE_KN_residential1_washing_machine
2016-03-18T09:00:00Z,601.557,2016-03-18T10:00:00+0100,DE_KN_industrial1_grid_import | DE_KN_industrial1_pv_2 | DE_KN_industrial1_pv_1 | DE_KN_residential1_washing_machine
2016-03-18T10:00:00Z,601.802,2016-03-18T11:00:00+0100,DE_KN_industrial1_pv_2 | DE_KN_industrial1_pv_1 | DE_KN_industrial1_grid_import | DE_KN_residential3_dishwasher
2016-03-18T11:00:00Z,601.982,2016-03-18T12:00:00+0100,DE_KN_industrial1_pv_2 | DE_KN_industrial1_pv_1 | DE_KN_industrial1_grid_import
2016-03-18T12:00:00Z,602.902,2016-03-18T13:00:00+0100,DE_KN_industrial1_pv_2 | DE_KN_industrial1_pv_1 | DE_KN_industrial1_grid_import | DE_KN_residential2_circulation_pump
2016-03-18T13:00:00Z,603.077,2016-03-18T14:00:00+0100,DE_KN_residential3_washing_machine | DE_KN_residential6_dishwasher | DE_KN_industrial1_pv_1 | DE_KN_residential6_washing_machine | DE_KN_residential6_grid_import | DE_KN_residential6_pv | DE_KN_residential6_circulation_pump | DE_KN_industrial1_pv_2 | DE_KN_residential6_freezer | DE_KN_industrial1_grid_import
2016-03-18T14:00:00Z,603.107,2016-03-18T15:00:00+0100,DE_KN_residential1_freezer | DE_KN_residential1_dishwasher | DE_KN_industrial1_pv_1 | DE_KN_residential1_washing_machine | DE_KN_industrial1_pv_2 | DE_KN_industrial1_grid_import
2016-03-18T15:00:00Z,603.107,2016-03-18T16:00:00+0100,DE_KN_residential1_washing_machine | DE_KN_industrial1_pv_2 | DE_KN_industrial1_pv_1 | DE_KN_industrial1_grid_import
2016-03-18T16:00:00Z,603.107,2016-03-18T17:00:00+0100,DE_KN_industrial1_grid_import | DE_KN_industrial1_pv_2 | DE_KN_industrial1_pv_1 | DE_KN_residential1_washing_machine
2016-03-18T17:00:00Z,603.107,2016-03-18T18:00:00+0100,DE_KN_residential1_washing_machine | DE_KN_industrial1_pv_2 | DE_KN_industrial1_pv_1 | DE_KN_industrial1_grid_import
2016-03-18T18:00:00Z,603.107,2016-03-18T19:00:00+0100,DE_KN_residential1_washing_machine
2016-03-18T19:00:00Z,603.107,2016-03-18T20:00:00+0100,DE_KN_industrial1_grid_import | DE_KN_industrial1_pv_2 | DE_KN_industrial1_pv_1 | DE_KN_residential1_washing_machine
2016-03-18T20:00:00Z,603.107,2016-03-18T21:00:00+0100,DE_KN_industrial1_pv_2 | DE_KN_industrial1_pv_1 | DE_KN_industrial1_grid_import
2016-03-18T21:00:00Z,603.107,2016-03-18T22:00:00+0100,DE_KN_industrial1_pv_2 | DE_KN_industrial1_pv_1 | DE_KN_industrial1_grid_import
2016-03-18T22:00:00Z,603.107,2016-03-18T23:00:00+0100,DE_KN_residential1_washing_machine | DE_KN_industrial1_pv_2 | DE_KN_industrial1_pv_1 | DE_KN_industrial1_grid_import
2016-03-18T23:00:00Z,603.107,2016-03-19T00:00:00+0100,DE_KN_residential1_washing_machine | DE_KN_industrial1_pv_2 | DE_KN_industrial1_pv_1 | DE_KN_industrial1_grid_import
2016-03-19T00:00:00Z,603.107,2016-03-19T01:00:00+0100,DE_KN_residential1_washing_machine
2016-03-19T01:00:00Z,603.107,2016-03-19T02:00:00+0100,DE_KN_industrial1_pv_2 | DE_KN_industrial1_pv_1 | DE_KN_industrial1_grid_import | DE_KN_residential3_dishwasher
2016-03-19T02:00:00Z,603.107,2016-03-19T03:00:00+0100,DE_KN_industrial1_pv_2 | DE_KN_industrial1_pv_1 | DE_KN_industrial1_grid_import
2016-03-19T03:00:00Z,603.107,2016-03-19T04:00:00+0100,DE_KN_residential1_washing_machine | DE_KN_industrial1_pv_2 | DE_KN_industrial1_pv_1 | DE_KN_industrial1_grid_import
2016-03-19T04:00:00Z,603.107,2016-03-19T05:00:00+0100,DE_KN_industrial1_pv_2 | DE_KN_industrial1_pv_1 | DE_KN_industrial1_grid_import
2016-03-19T05:00:00Z,603.107,2016-03-19T06:00:00+0100,DE_KN_industrial1_pv_2 | DE_KN_industrial1_pv_1 | DE_KN_industrial1_grid_import | DE_KN_residential3_dishwasher
2016-03-19T06:00:00Z,603.107,2016-03-19T07:00:00+0100,DE_KN_industrial1_pv_2 | DE_KN_industrial1_pv_1 | DE_KN_industrial1_grid_import
2016-03-19T07:00:00Z,603.107,2016-03-19T08:00:00+0100,DE_KN_residential1_washing_machine | DE_KN_industrial1_pv_2 | DE_KN_industrial1_pv_1 | DE_KN_industrial1_grid_import
2016-03-19T08:00:00Z,603.252,2016-03-19T09:00:00+0100,DE_KN_residential2_grid_import | DE_KN_residential2_freezer | DE_KN_industrial1_pv_1 | DE_KN_residential2_dishwasher | DE_KN_residential2_washing_machine | DE_KN_industrial1_pv_2 | DE_KN_industrial1_grid_import | DE_KN_residential2_circulation_pump
2016-03-19T09:00:00Z,603.482,2016-03-19T10:00:00+0100,DE_KN_residential2_freezer | DE_KN_residential2_circulation_pump | DE_KN_residential2_dishwasher | DE_KN_residential2_washing_machine | DE_KN_residential2_grid_import
2016-03-19T10:00:00Z,603.682,2016-03-19T11:00:00+0100,DE_KN_residential2_freezer | DE_KN_residential2_circulation_pump | DE_KN_residential2_dishwasher | DE_KN_residential2_washing_machine | DE_KN_residential2_grid_import
2016-03-19T11:00:00Z,603.932,2016-03-19T12:00:00+0100,DE_KN_residential2_freezer | DE_KN_residential1_freezer | DE_KN_residential2_circulation_pump | DE_KN_residential2_dishwasher | DE_KN_residential1_washing_machine | DE_KN_residential2_washing_machine | DE_KN_residential1_dishwasher | DE_KN_residential2_grid_import
2016-03-19T12:00:00Z,604.132,2016-03-19T13:00:00+0100,DE_KN_residential2_grid_import | DE_KN_residential1_freezer | DE_KN_residential2_freezer | DE_KN_residential2_dishwasher | DE_KN_residential1_washing_machine | DE_KN_residential2_washing_machine | DE_KN_residential1_dishwasher | DE_KN_residential2_circulation_pump
2016-03-19T13:00:00Z,604.252,2016-03-19T14:00:00+0100,DE_KN_residential2_freezer | DE_KN_residential1_freezer | DE_KN_residential2_circulation_pump | DE_KN_residential2_dishwasher | DE_KN_residential2_washing_machine | DE_KN_residential1_dishwasher | DE_KN_residential2_grid_import
2016-03-19T14:00:00Z,604.297,2016-03-19T15:00:00+0100,DE_KN_residential2_freezer | DE_KN_residential2_circulation_pump | DE_KN_residential2_dishwasher | DE_KN_residential2_washing_machine | DE_KN_residential2_grid_import
2016-03-19T15:00:00Z,604.297,2016-03-19T16:00:00+0100,DE_KN_residential2_freezer | DE_KN_residential2_circulation_pump | DE_KN_residential2_dishwasher | DE_KN_residential2_washing_machine | DE_KN_residential2_grid_import
2016-03-19T16:00:00Z,604.297,2016-03-19T17:00:00+0100,DE_KN_residential2_freezer | DE_KN_residential2_circulation_pump | DE_KN_residential2_dishwasher | DE_KN_residential2_washing_machine | DE_KN_residential2_grid_import
2016-03-19T17:00:00Z,604.297,2016-03-19T18:00:00+0100,DE_KN_residential2_freezer | DE_KN_residential2_circulation_pump | DE_KN_residential2_dishwasher | DE_KN_residential1_washing_machine | DE_KN_residential2_washing_machine | DE_KN_residential2_grid_import
2016-03-19T18:00:00Z,604.297,2016-03-19T19:00:00+0100,DE_KN_residential1_washing_machine
2016-03-19T19:00:00Z,604.297,2016-03-19T20:00:00+0100,DE_KN_residential2_freezer | DE_KN_residential2_circulation_pump | DE_KN_residential2_dishwasher | DE_KN_residential1_washing_machine | DE_KN_residential2_washing_machine | DE_KN_residential2_grid_import
2016-03-19T20:00:00Z,604.297,2016-03-19T21:00:00+0100,DE_KN_industrial1_grid_import | DE_KN_industrial1_pv_2 | DE_KN_industrial1_pv_1 | DE_KN_residential1_washing_machine
2016-03-19T21:00:00Z,604.297,2016-03-19T22:00:00+0100,DE_KN_residential1_freezer | DE_KN_residential3_dishwasher | DE_KN_residential1_dishwasher | DE_KN_industrial1_pv_1 | DE_KN_residential1_washing_machine | DE_KN_industrial1_pv_2 | DE_KN_industrial1_grid_import | DE_KN_residential2_circulation_pump
2016-03-19T22:00:00Z,604.297,2016-03-19T23:00:00+0100,DE_KN_residential1_dishwasher | DE_KN_residential1_freezer | DE_KN_residential1_washing_machine
2016-03-19T23:00:00Z,604.297,2016-03-20T00:00:00+0100,DE_KN_residential1_freezer | DE_KN_industrial1_pv_1 | DE_KN_residential1_washing_machine | DE_KN_industrial1_pv_2 | DE_KN_residential1_dishwasher | DE_KN_industrial1_grid_import
2016-03-20T00:00:00Z,604.297,2016-03-20T01:00:00+0100,DE_KN_industrial1_pv_2 | DE_KN_industrial1_pv_1 | DE_KN_industrial1_grid_import | DE_KN_residential5_dishwasher
2016-03-20T01:00:00Z,604.297,2016-03-20T02:00:00+0100,DE_KN_residential5_dishwasher | DE_KN_residential3_dishwasher | DE_KN_industrial1_pv_1 | DE_KN_industrial1_pv_2 | DE_KN_industrial1_grid_import
2016-03-20T02:00:00Z,604.297,2016-03-20T03:00:00+0100,DE_KN_residential5_dishwasher | DE_KN_industrial1_pv_1 | DE_KN_residential1_washing_machine | DE_KN_industrial1_pv_2 | DE_KN_industrial1_grid_import
2016-03-20T03:00:00Z,604.297,2016-03-20T04:00:00+0100,DE_KN_residential5_dishwasher | DE_KN_industrial1_pv_1 | DE_KN_residential1_washing_machine | DE_KN_industrial1_pv_2 | DE_KN_industrial1_grid_import
2016-03-20T04:00:00Z,604.297,2016-03-20T05:00:00+0100,DE_KN_residential1_washing_machine | DE_KN_industrial1_pv_2 | DE_KN_industrial1_pv_1 | DE_KN_industrial1_grid_import
2016-03-20T05:00:00Z,604.297,2016-03-20T06:00:00+0100,DE_KN_residential1_washing_machine | DE_KN_industrial1_pv_2 | DE_KN_industrial1_pv_1 | DE_KN_industrial1_grid_import
2016-03-20T06:00:00Z,604.297,2016-03-20T07:00:00+0100,DE_KN_residential1_washing_machine
2016-03-20T07:00:00Z,604.297,2016-03-20T08:00:00+0100,DE_KN_residential1_washing_machine
2016-03-20T08:00:00Z,604.317,2016-03-20T09:00:00+0100,DE_KN_residential1_washing_machine
2016-03-20T09:00:00Z,604.397,2016-03-20T10:00:00+0100,DE_KN_residential1_washing_machine
2016-03-20T10:00:00Z,604.647,2016-03-20T11:00:00+0100,DE_KN_residential5_refrigerator | DE_KN_residential5_washing_machine | DE_KN_residential1_washing_machine | DE_KN_residential5_dishwasher
2016-03-20T11:00:00Z,605.137,2016-03-20T12:00:00+0100,DE_KN_residential5_refrigerator | DE_KN_residential5_washing_machine | DE_KN_residential5_dishwasher
2016-03-20T12:00:00Z,605.217,2016-03-20T13:00:00+0100,DE_KN_residential5_refrigerator | DE_KN_residential5_washing_machine | DE_KN_residential5_dishwasher
2016-03-20T13:00:00Z,605.367,2016-03-20T14:00:00+0100,DE_KN_residential5_refrigerator | DE_KN_residential5_washing_machine | DE_KN_residential5_dishwasher
2016-03-20T14:00:00Z,605.387,2016-03-20T15:00:00+0100,DE_KN_residential1_freezer | DE_KN_residential3_dishwasher | DE_KN_residential5_refrigerator | DE_KN_residential5_dishwasher | DE_KN_industrial1_pv_1 | DE_KN_residential1_washing_machine | DE_KN_industrial1_pv_2 | DE_KN_residential5_washing_machine | DE_KN_residential1_dishwasher | DE_KN_industrial1_grid_import
2016-03-20T15:00:00Z,605.387,2016-03-20T16:00:00+0100,DE_KN_residential1_washing_machine | DE_KN_industrial1_pv_2 | DE_KN_industrial1_pv_1 | DE_KN_industrial1_grid_import
2016-03-20T16:00:00Z,605.387,2016-03-20T17:00:00+0100,DE_KN_industrial1_grid_import | DE_KN_industrial1_pv_2 | DE_KN_industrial1_pv_1 | DE_KN_residential1_washing_machine
2016-03-20T17:00:00Z,605.387,2016-03-20T18:00:00+0100,DE_KN_industrial1_grid_import | DE_KN_industrial1_pv_2 | DE_KN_industrial1_pv_1 | DE_KN_residential1_washing_machine
2016-03-20T18:00:00Z,605.387,2016-03-20T19:00:00+0100,DE_KN_residential3_dishwasher | DE_KN_industrial1_pv_1 | DE_KN_residential1_washing_machine | DE_KN_industrial1_pv_2 | DE_KN_industrial1_grid_import
2016-03-20T19:00:00Z,605.387,2016-03-20T20:00:00+0100,DE_KN_industrial1_grid_import | DE_KN_industrial1_pv_2 | DE_KN_industrial1_pv_1 | DE_KN_residential1_washing_machine
2016-03-20T20:00:00Z,605.387,2016-03-20T21:00:00+0100,DE_KN_industrial1_pv_2 | DE_KN_industrial1_pv_1 | DE_KN_industrial1_grid_import
2016-03-20T21:00:00Z,605.387,2016-03-20T22:00:00+0100,DE_KN_industrial1_pv_1 | DE_KN_residential1_washing_machine | DE_KN_industrial1_pv_2 | DE_KN_industrial1_grid_import | DE_KN_residential2_circulation_pump
2016-03-20T22:00:00Z,605.387,2016-03-20T23:00:00+0100,DE_KN_industrial1_pv_2 | DE_KN_industrial1_pv_1 | DE_KN_industrial1_grid_import
2016-03-20T23:00:00Z,605.387,2016-03-21T00:00:00+0100,DE_KN_industrial1_pv_2 | DE_KN_industrial1_pv_1 | DE_KN_industrial1_grid_import
2016-03-21T00:00:00Z,605.387,2016-03-21T01:00:00+0100,DE_KN_industrial1_pv_2 | DE_KN_industrial1_pv_1 | DE_KN_industrial1_grid_import
2016-03-21T01:00:00Z,605.387,2016-03-21T02:00:00+0100,DE_KN_industrial1_pv_2 | DE_KN_industrial1_pv_1 | DE_KN_industrial1_grid_import
2016-03-21T02:00:00Z,605.387,2016-03-21T03:00:00+0100,DE_KN_residential1_washing_machine | DE_KN_industrial1_pv_2 | DE_KN_industrial1_pv_1 | DE_KN_industrial1_grid_import
2016-03-21T03:00:00Z,605.387,2016-03-21T04:00:00+0100,DE_KN_industrial1_pv_2 | DE_KN_industrial1_pv_1 | DE_KN_industrial1_grid_import
2016-03-21T04:00:00Z,605.387,2016-03-21T05:00:00+0100,DE_KN_residential1_washing_machine | DE_KN_industrial1_pv_2 | DE_KN_industrial1_pv_1 | DE_KN_industrial1_grid_import
2016-03-21T05:00:00Z,605.387,2016-03-21T06:00:00+0100,DE_KN_industrial1_grid_import | DE_KN_industrial1_pv_2 | DE_KN_industrial1_pv_1 | DE_KN_residential1_washing_machine
2016-03-21T06:00:00Z,605.387,2016-03-21T07:00:00+0100,DE_KN_residential5_dishwasher | DE_KN_residential3_dishwasher | DE_KN_industrial1_pv_1 | DE_KN_residential2_dishwasher | DE_KN_residential1_washing_machine | DE_KN_industrial1_pv_2 | DE_KN_industrial1_grid_import
2016-03-21T07:00:00Z,605.387,2016-03-21T08:00:00+0100,DE_KN_residential1_freezer | DE_KN_residential1_dishwasher | DE_KN_industrial1_pv_1 | DE_KN_residential2_dishwasher | DE_KN_residential1_washing_machine | DE_KN_industrial1_pv_2 | DE_KN_industrial1_grid_import
2016-03-21T08:00:00Z,605.407,2016-03-21T09:00:00+0100,DE_KN_industrial1_pv_2 | DE_KN_industrial1_pv_1 | DE_KN_industrial1_grid_import
2016-03-21T09:00:00Z,607.599,2016-03-21T10:00:00+0100,DE_KN_residential1_freezer | DE_KN_residential1_dishwasher | DE_KN_residential3_dishwasher | DE_KN_industrial1_pv_1 | DE_KN_industrial1_pv_2 | DE_KN_industrial1_grid_import
2016-03-21T10:00:00Z,609.209,2016-03-21T11:00:00+0100,DE_KN_residential1_freezer | DE_KN_residential3_dishwasher | DE_KN_industrial1_pv_1 | DE_KN_residential1_washing_machine | DE_KN_industrial1_pv_2 | DE_KN_residential1_dishwasher | DE_KN_industrial1_grid_import | DE_KN_residential2_circulation_pump
2016-03-21T11:00:00Z,609.449,2016-03-21T12:00:00+0100,DE_KN_industrial1_pv_2 | DE_KN_industrial1_pv_1 | DE_KN_industrial1_grid_import
2016-03-21T12:00:00Z,609.644,2016-03-21T13:00:00+0100,DE_KN_residential1_freezer | DE_KN_industrial1_pv_1 | DE_KN_residential1_washing_machine | DE_KN_industrial1_pv_2 | DE_KN_residential1_dishwasher | DE_KN_industrial1_grid_import
2016-03-21T13:00:00Z,610.149,2016-03-21T14:00:00+0100,DE_KN_residential1_washing_machine | DE_KN_industrial1_pv_2 | DE_KN_industrial1_pv_1 | DE_KN_industrial1_grid_import
2016-03-21T14:00:00Z,610.459,2016-03-21T15:00:00+0100,DE_KN_residential1_washing_machine
2016-03-21T15:00:00Z,610.549,2016-03-21T16:00:00+0100,DE_KN_residential5_dishwasher | DE_KN_industrial1_pv_1 | DE_KN_residential1_washing_machine | DE_KN_industrial1_pv_2 | DE_KN_industrial1_grid_import
2016-03-21T16:00:00Z,610.549,2016-03-21T17:00:00+0100,DE_KN_industrial1_pv_2 | DE_KN_industrial1_pv_1 | DE_KN_industrial1_grid_import | DE_KN_residential5_dishwasher
2016-03-21T17:00:00Z,610.549,2016-03-21T18:00:00+0100,DE_KN_residential1_washing_machine | DE_KN_industrial1_pv_2 | DE_KN_industrial1_pv_1 | DE_KN_industrial1_grid_import
2016-03-21T18:00:00Z,610.549,2016-03-21T19:00:00+0100,DE_KN_residential1_washing_machine
2016-03-21T19:00:00Z,610.549,2016-03-21T20:00:00+0100,DE_KN_residential1_washing_machine
2016-03-21T20:00:00Z,610.549,2016-03-21T21:00:00+0100,DE_KN_residential1_washing_machine
2016-03-21T21:00:00Z,610.549,2016-03-21T22:00:00+0100,DE_KN_residential1_washing_machine
2016-03-21T22:00:00Z,610.549,2016-03-21T23:00:00+0100,DE_KN_residential1_washing_machine
2016-03-21T23:00:00Z,610.549,2016-03-22T00:00:00+0100,DE_KN_residential1_washing_machine
2016-03-22T00:00:00Z,610.549,2016-03-22T01:00:00+0100,DE_KN_residential1_washing_machine
2016-03-22T01:00:00Z,610.549,2016-03-22T02:00:00+0100,DE_KN_industrial1_grid_import | DE_KN_industrial1_pv_2 | DE_KN_industrial1_pv_1 | DE_KN_residential1_washing_machine
2016-03-22T02:00:00Z,610.549,2016-03-22T03:00:00+0100,DE_KN_residential5_dishwasher | DE_KN_industrial1_pv_1 | DE_KN_residential1_washing_machine | DE_KN_industrial1_pv_2 | DE_KN_industrial1_grid_import | DE_KN_residential2_circulation_pump
2016-03-22T03:00:00Z,610.549,2016-03-22T04:00:00+0100,DE_KN_residential1_washing_machine
2016-03-22T04:00:00Z,610.549,2016-03-22T05:00:00+0100,DE_KN_residential3_dishwasher | DE_KN_industrial1_pv_1 | DE_KN_residential1_washing_machine | DE_KN_industrial1_pv_2 | DE_KN_industrial1_grid_import
2016-03-22T05:00:00Z,610.549,2016-03-22T06:00:00+0100,DE_KN_residential1_washing_machine
2016-03-22T06:00:00Z,610.549,2016-03-22T07:00:00+0100,DE_KN_industrial1_grid_import | DE_KN_industrial1_pv_2 | DE_KN_industrial1_pv_1 | DE_KN_residential1_washing_machine
2016-03-22T07:00:00Z,610.549,2016-03-22T08:00:00+0100,DE_KN_industrial1_pv_2 | DE_KN_industrial1_pv_1 | DE_KN_industrial1_grid_import | DE_KN_residential3_dishwasher
2016-03-22T08:00:00Z,611.009,2016-03-22T09:00:00+0100,DE_KN_industrial1_pv_2 | DE_KN_industrial1_pv_1 | DE_KN_industrial1_grid_import
2016-03-22T09:00:00Z,612.079,2016-03-22T10:00:00+0100,DE_KN_residential1_freezer | DE_KN_residential1_dishwasher | DE_KN_industrial1_pv_1 | DE_KN_residential1_washing_machine | DE_KN_industrial1_pv_2 | DE_KN_industrial1_grid_import
2016-03-22T10:00:00Z,613.664,2016-03-22T11:00:00+0100,DE_KN_residential1_dishwasher | DE_KN_residential1_freezer | DE_KN_residential1_washing_machine
2016-03-22T11:00:00Z,615.307,2016-03-22T12:00:00+0100,DE_KN_residential1_freezer | DE_KN_industrial1_pv_1 | DE_KN_residential1_washing_machine | DE_KN_industrial1_pv_2 | DE_KN_residential1_dishwasher | DE_KN_industrial1_grid_import
2016-03-22T12:00:00Z,616.512,2016-03-22T13:00:00+0100,DE_KN_residential1_freezer | DE_KN_residential1_dishwasher | DE_KN_industrial1_pv_1 | DE_KN_residential2_dishwasher | DE_KN_residential1_washing_machine | DE_KN_industrial1_pv_2 | DE_KN_industrial1_grid_import
2016-03-22T13:00:00Z,616.847,2016-03-22T14:00:00+0100,DE_KN_industrial1_pv_2 | DE_KN_industrial1_pv_1 | DE_KN_industrial1_grid_import | DE_KN_residential2_circulation_pump
2016-03-22T14:00:00Z,617.152,2016-03-22T15:00:00+0100,DE_KN_residential3_dishwasher | DE_KN_industrial1_pv_1 | DE_KN_residential1_washing_machine | DE_KN_industrial1_pv_2 | DE_KN_industrial1_grid_import
2016-03-22T15:00:00Z,617.214,2016-03-22T16:00:00+0100,DE_KN_residential5_dishwasher | DE_KN_industrial1_pv_1 | DE_KN_residential1_washing_machine | DE_KN_industrial1_pv_2 | DE_KN_industrial1_grid_import
2016-03-22T16:00:00Z,617.214,2016-03-22T17:00:00+0100,DE_KN_industrial1_grid_import | DE_KN_industrial1_pv_2 | DE_KN_industrial1_pv_1 | DE_KN_residential1_washing_machine
2016-03-22T17:00:00Z,617.214,2016-03-22T18:00:00+0100,DE_KN_residential1_washing_machine | DE_KN_industrial1_pv_2 | DE_KN_industrial1_pv_1 | DE_KN_industrial1_grid_import
2016-03-22T18:00:00Z,617.214,2016-03-22T19:00:00+0100,DE_KN_residential5_dishwasher | DE_KN_industrial1_pv_1 | DE_KN_residential1_washing_machine | DE_KN_industrial1_pv_2 | DE_KN_industrial1_grid_import
2016-03-22T19:00:00Z,617.214,2016-03-22T20:00:00+0100,DE_KN_residential5_dishwasher | DE_KN_industrial1_pv_1 | DE_KN_residential1_washing_machine | DE_KN_industrial1_pv_2 | DE_KN_industrial1_grid_import | DE_KN_residential2_circulation_pump
2016-03-22T20:00:00Z,617.214,2016-03-22T21:00:00+0100,DE_KN_industrial1_pv_2 | DE_KN_industrial1_pv_1 | DE_KN_industrial1_grid_import | DE_KN_residential5_dishwasher
2016-03-22T21:00:00Z,617.214,2016-03-22T22:00:00+0100,DE_KN_industrial1_pv_2 | DE_KN_industrial1_pv_1 | DE_KN_industrial1_grid_import | DE_KN_residential3_dishwasher
2016-03-22T22:00:00Z,617.214,2016-03-22T23:00:00+0100,DE_KN_residential1_freezer | DE_KN_residential1_dishwasher | DE_KN_residential5_dishwasher | DE_KN_industrial1_pv_1 | DE_KN_residential1_washing_machine | DE_KN_industrial1_pv_2 | DE_KN_industrial1_grid_import | DE_KN_residential2_circulation_pump
2016-03-22T23:00:00Z,617.214,2016-03-23T00:00:00+0100,DE_KN_industrial1_pv_2 | DE_KN_industrial1_pv_1 | DE_KN_industrial1_grid_import | DE_KN_residential5_dishwasher
2016-03-23T00:00:00Z,617.214,2016-03-23T01:00:00+0100,DE_KN_industrial1_pv_2 | DE_KN_industrial1_pv_1 | DE_KN_industrial1_grid_import | DE_KN_residential3_dishwasher
2016-03-23T01:00:00Z,617.214,2016-03-23T02:00:00+0100,DE_KN_residential5_dishwasher | DE_KN_industrial1_pv_1 | DE_KN_residential1_washing_machine | DE_KN_industrial1_pv_2 | DE_KN_industrial1_grid_import
2016-03-23T02:00:00Z,617.214,2016-03-23T03:00:00+0100,DE_KN_industrial1_grid_import | DE_KN_industrial1_pv_2 | DE_KN_industrial1_pv_1 | DE_KN_residential1_washing_machine
2016-03-23T03:00:00Z,617.214,2016-03-23T04:00:00+0100,DE_KN_residential5_dishwasher | DE_KN_industrial1_pv_1 | DE_KN_residential1_washing_machine | DE_KN_industrial1_pv_2 | DE_KN_industrial1_grid_import
2016-03-23T04:00:00Z,617.214,2016-03-23T05:00:00+0100,DE_KN_residential5_dishwasher | DE_KN_residential3_dishwasher | DE_KN_industrial1_pv_1 | DE_KN_residential1_washing_machine | DE_KN_industrial1_pv_2 | DE_KN_industrial1_grid_import
2016-03-23T05:00:00Z,617.214,2016-03-23T06:00:00+0100,DE_KN_residential1_washing_machine | DE_KN_industrial1_pv_2 | DE_KN_industrial1_pv_1 | DE_KN_industrial1_grid_import
2016-03-23T06:00:00Z,617.214,2016-03-23T07:00:00+0100,DE_KN_residential1_washing_machine
2016-03-23T07:00:00Z,617.239,2016-03-23T08:00:00+0100,DE_KN_industrial1_grid_import | DE_KN_industrial1_pv_2 | DE_KN_industrial1_pv_1 | DE_KN_residential1_washing_machine
2016-03-23T08:00:00Z,617.562,2016-03-23T09:00:00+0100,DE_KN_industrial1_pv_2 | DE_KN_industrial1_pv_1 | DE_KN_industrial1_grid_import | DE_KN_residential5_dishwasher
2016-03-23T09:00:00Z,619.319,2016-03-23T10:00:00+0100,DE_KN_residential2_freezer | DE_KN_residential5_dishwasher | DE_KN_industrial1_pv_1 | DE_KN_residential2_dishwasher | DE_KN_residential2_washing_machine | DE_KN_industrial1_pv_2 | DE_KN_industrial1_grid_import | DE_KN_residential2_circulation_pump
2016-03-23T10:00:00Z,620.334,2016-03-23T11:00:00+0100,DE_KN_industrial1_pv_2 | DE_KN_industrial1_pv_1 | DE_KN_industrial1_grid_import
2016-03-23T11:00:00Z,621.002,2016-03-23T12:00:00+0100,DE_KN_industrial1_pv_2 | DE_KN_industrial1_pv_1 | DE_KN_industrial1_grid_import | DE_KN_residential3_dishwasher
2016-03-23T12:00:00Z,621.454,2016-03-23T13:00:00+0100,DE_KN_residential2_freezer | DE_KN_residential3_dishwasher | DE_KN_industrial1_pv_1 | DE_KN_residential2_dishwasher | DE_KN_residential2_washing_machine | DE_KN_industrial1_pv_2 | DE_KN_industrial1_grid_import | DE_KN_residential2_circulation_pump
2016-03-23T13:00:00Z,621.647,2016-03-23T14:00:00+0100,DE_KN_industrial1_pv_2 | DE_KN_industrial1_pv_1 | DE_KN_industrial1_grid_import
2016-03-23T14:00:00Z,621.705,2016-03-23T15:00:00+0100,DE_KN_industrial1_pv_2 | DE_KN_industrial1_pv_1 | DE_KN_industrial1_grid_import
2016-03-23T15:00:00Z,621.705,2016-03-23T16:00:00+0100,DE_KN_industrial1_pv_2 | DE_KN_industrial1_pv_1 | DE_KN_industrial1_grid_import | DE_KN_residential3_dishwasher
2016-03-23T16:00:00Z,621.705,2016-03-23T17:00:00+0100,DE_KN_residential3_refrigerator | DE_KN_industrial1_pv_2 | DE_KN_industrial1_pv_1 | DE_KN_industrial1_grid_import
2016-03-23T17:00:00Z,621.705,2016-03-23T18:00:00+0100,DE_KN_residential3_refrigerator | DE_KN_industrial1_pv_2 | DE_KN_industrial1_pv_1 | DE_KN_industrial1_grid_import
2016-03-23T18:00:00Z,621.705,2016-03-23T19:00:00+0100,DE_KN_residential3_refrigerator | DE_KN_industrial1_pv_2 | DE_KN_industrial1_pv_1 | DE_KN_industrial1_grid_import
2016-03-23T19:00:00Z,621.705,2016-03-23T20:00:00+0100,DE_KN_industrial1_pv_2 | DE_KN_industrial1_pv_1 | DE_KN_industrial1_grid_import
2016-03-23T20:00:00Z,621.705,2016-03-23T21:00:00+0100,DE_KN_industrial1_pv_2 | DE_KN_industrial1_pv_1 | DE_KN_industrial1_grid_import
2016-03-23T21:00:00Z,621.705,2016-03-23T22:00:00+0100,DE_KN_residential3_refrigerator | DE_KN_industrial1_pv_2 | DE_KN_industrial1_pv_1 | DE_KN_industrial1_grid_import
2016-03-23T22:00:00Z,621.705,2016-03-23T23:00:00+0100,DE_KN_residential2_freezer | DE_KN_residential3_refrigerator | DE_KN_industrial1_pv_1 | DE_KN_residential2_dishwasher | DE_KN_residential2_washing_machine | DE_KN_industrial1_pv_2 | DE_KN_industrial1_grid_import | DE_KN_residential2_circulation_pump
2016-03-23T23:00:00Z,621.705,2016-03-24T00:00:00+0100,DE_KN_residential2_freezer | DE_KN_residential1_freezer | DE_KN_residential1_dishwasher | DE_KN_industrial1_pv_1 | DE_KN_residential2_dishwasher | DE_KN_residential1_washing_machine | DE_KN_residential2_washing_machine | DE_KN_industrial1_pv_2 | DE_KN_industrial1_grid_import | DE_KN_residential2_circulation_pump
2016-03-24T00:00:00Z,621.705,2016-03-24T01:00:00+0100,DE_KN_industrial1_pv_2 | DE_KN_industrial1_pv_1 | DE_KN_industrial1_grid_import
2016-03-24T01:00:00Z,621.705,2016-03-24T02:00:00+0100,DE_KN_residential2_freezer | DE_KN_industrial1_pv_1 | DE_KN_residential2_dishwasher | DE_KN_residential2_washing_machine | DE_KN_industrial1_pv_2 | DE_KN_industrial1_grid_import | DE_KN_residential2_circulation_pump
2016-03-24T02:00:00Z,621.705,2016-03-24T03:00:00+0100,DE_KN_industrial1_pv_2 | DE_KN_industrial1_pv_1 | DE_KN_industrial1_grid_import
2016-03-24T03:00:00Z,621.705,2016-03-24T04:00:00+0100,DE_KN_residential3_dishwasher | DE_KN_residential5_dishwasher | DE_KN_industrial1_pv_1 | DE_KN_industrial1_pv_2 | DE_KN_industrial1_grid_import
2016-03-24T04:00:00Z,621.705,2016-03-24T05:00:00+0100,DE_KN_industrial1_pv_2 | DE_KN_industrial1_pv_1 | DE_KN_industrial1_grid_import | DE_KN_residential3_dishwasher
2016-03-24T05:00:00Z,621.705,2016-03-24T06:00:00+0100,DE_KN_industrial1_pv_2 | DE_KN_industrial1_pv_1 | DE_KN_industrial1_grid_import
2016-03-24T06:00:00Z,621.705,2016-03-24T07:00:00+0100,DE_KN_industrial1_pv_2 | DE_KN_industrial1_pv_1 | DE_KN_industrial1_grid_import
2016-03-24T07:00:00Z,621.740,2016-03-24T08:00:00+0100,DE_KN_residential3_dishwasher | DE_KN_residential3_refrigerator | DE_KN_industrial1_pv_1 | DE_KN_industrial1_pv_2 | DE_KN_industrial1_grid_import
2016-03-24T08:00:00Z,622.080,2016-03-24T09:00:00+0100,DE_KN_residential1_freezer | DE_KN_residential5_dishwasher | DE_KN_industrial1_pv_1 | DE_KN_residential1_washing_machine | DE_KN_industrial1_pv_2 | DE_KN_residential1_dishwasher | DE_KN_industrial1_grid_import
2016-03-24T09:00:00Z,623.109,2016-03-24T10:00:00+0100,DE_KN_residential2_freezer | DE_KN_industrial1_pv_1 | DE_KN_residential2_dishwasher | DE_KN_residential2_washing_machine | DE_KN_industrial1_pv_2 | DE_KN_industrial1_grid_import | DE_KN_residential2_circulation_pump
2016-03-24T10:00:00Z,624.250,2016-03-24T11:00:00+0100,DE_KN_residential2_freezer | DE_KN_industrial1_pv_1 | DE_KN_residential2_dishwasher | DE_KN_residential2_washing_machine | DE_KN_industrial1_pv_2 | DE_KN_industrial1_grid_import | DE_KN_residential2_circulation_pump
2016-03-24T11:00:00Z,626.622,2016-03-24T12:00:00+0100,DE_KN_residential2_freezer | DE_KN_industrial1_pv_1 | DE_KN_residential2_dishwasher | DE_KN_residential2_washing_machine | DE_KN_industrial1_pv_2 | DE_KN_industrial1_grid_import | DE_KN_residential2_circulation_pump
2016-03-24T12:00:00Z,629.255,2016-03-24T13:00:00+0100,DE_KN_industrial1_grid_import | DE_KN_residential5_dishwasher
2016-03-24T13:00:00Z,631.984,2016-03-24T14:00:00+0100,DE_KN_industrial1_grid_import
2016-03-24T14:00:00Z,634.630,2016-03-24T15:00:00+0100,DE_KN_industrial1_grid_import
2016-03-24T15:00:00Z,636.600,2016-03-24T16:00:00+0100,DE_KN_industrial1_grid_import
2016-03-24T16:00:00Z,637.139,2016-03-24T17:00:00+0100,DE_KN_industrial1_grid_import | DE_KN_residential5_dishwasher
2016-03-24T17:00:00Z,637.159,2016-03-24T18:00:00+0100,DE_KN_industrial1_grid_import
2016-03-24T18:00:00Z,637.159,2016-03-24T19:00:00+0100,DE_KN_industrial1_grid_import
2016-03-24T19:00:00Z,637.159,2016-03-24T20:00:00+0100,DE_KN_residential1_washing_machine | DE_KN_industrial1_grid_import
2016-03-24T20:00:00Z,637.159,2016-03-24T21:00:00+0100,DE_KN_residential3_washing_machine | DE_KN_residential2_freezer | DE_KN_residential4_grid_import | DE_KN_residential4_grid_export | DE_KN_residential2_dishwasher | DE_KN_residential2_washing_machine | DE_KN_industrial1_grid_import | DE_KN_residential2_circulation_pump
2016-03-24T21:00:00Z,637.159,2016-03-24T22:00:00+0100,DE_KN_residential2_freezer | DE_KN_residential2_dishwasher | DE_KN_residential2_washing_machine | DE_KN_industrial1_grid_import | DE_KN_residential2_circulation_pump
2016-03-24T22:00:00Z,637.159,2016-03-24T23:00:00+0100,DE_KN_industrial1_grid_import
2016-03-24T23:00:00Z,637.159,2016-03-25T00:00:00+0100,DE_KN_residential2_freezer | DE_KN_residential3_dishwasher | DE_KN_residential2_dishwasher | DE_KN_residential2_washing_machine | DE_KN_industrial1_grid_import | DE_KN_residential2_circulation_pump
2016-03-25T00:00:00Z,637.159,2016-03-25T01:00:00+0100,DE_KN_industrial1_grid_import | DE_KN_residential3_dishwasher
2016-03-25T01:00:00Z,637.159,2016-03-25T02:00:00+0100,DE_KN_residential1_washing_machine | DE_KN_industrial1_grid_import
2016-03-25T02:00:00Z,637.159,2016-03-25T03:00:00+0100,DE_KN_residential2_freezer | DE_KN_residential5_dishwasher | DE_KN_residential2_dishwasher | DE_KN_residential1_washing_machine | DE_KN_residential2_washing_machine | DE_KN_industrial1_grid_import | DE_KN_residential2_circulation_pump
2016-03-25T03:00:00Z,637.159,2016-03-25T04:00:00+0100,DE_KN_residential2_freezer | DE_KN_residential5_dishwasher | DE_KN_residential2_dishwasher | DE_KN_residential2_washing_machine | DE_KN_industrial1_grid_import | DE_KN_residential2_circulation_pump
2016-03-25T04:00:00Z,637.159,2016-03-25T05:00:00+0100,DE_KN_industrial1_grid_import
2016-03-25T05:00:00Z,637.159,2016-03-25T06:00:00+0100,DE_KN_residential3_washing_machine | DE_KN_industrial1_grid_import | DE_KN_residential5_dishwasher
2016-03-25T06:00:00Z,637.364,2016-03-25T07:00:00+0100,DE_KN_residential3_washing_machine | DE_KN_industrial1_grid_import | DE_KN_residential5_dishwasher
2016-03-25T07:00:00Z,637.922,2016-03-25T08:00:00+0100,DE_KN_residential2_freezer | DE_KN_residential5_dishwasher | DE_KN_residential2_dishwasher | DE_KN_residential2_washing_machine | DE_KN_industrial1_grid_import | DE_KN_residential2_circulation_pump
2016-03-25T08:00:00Z,638.767,2016-03-25T09:00:00+0100,DE_KN_residential1_washing_machine | DE_KN_industrial1_grid_import | DE_KN_residential3_dishwasher
2016-03-25T09:00:00Z,640.687,2016-03-25T10:00:00+0100,DE_KN_industrial1_grid_import | DE_KN_residential5_dishwasher | DE_KN_residential1_washing_machine | DE_KN_residential3_dishwasher
2016-03-25T10:00:00Z,641.812,2016-03-25T11:00:00+0100,DE_KN_industrial1_grid_import | DE_KN_residential5_dishwasher
2016-03-25T11:00:00Z,642.439,2016-03-25T12:00:00+0100,DE_KN_residential5_refrigerator | DE_KN_residential5_washing_machine | DE_KN_industrial1_grid_import | DE_KN_residential5_dishwasher
2016-03-25T12:00:00Z,643.072,2016-03-25T13:00:00+0100,DE_KN_residential5_refrigerator | DE_KN_residential5_washing_machine | DE_KN_residential5_dishwasher
2016-03-25T13:00:00Z,643.507,2016-03-25T14:00:00+0100,DE_KN_residential5_refrigerator | DE_KN_residential5_washing_machine | DE_KN_residential3_dishwasher | DE_KN_residential5_dishwasher
2016-03-25T14:00:00Z,643.694,2016-03-25T15:00:00+0100,DE_KN_residential5_refrigerator | DE_KN_residential5_washing_machine | DE_KN_residential5_dishwasher
2016-03-25T15:00:00Z,643.880,2016-03-25T16:00:00+0100,DE_KN_residential5_refrigerator | DE_KN_residential5_washing_machine | DE_KN_residential5_dishwasher
2016-03-25T16:00:00Z,643.940,2016-03-25T17:00:00+0100,DE_KN_residential5_refrigerator | DE_KN_residential5_washing_machine | DE_KN_residential5_dishwasher
2016-03-25T17:00:00Z,643.940,2016-03-25T18:00:00+0100,DE_KN_residential5_refrigerator | DE_KN_residential5_washing_machine | DE_KN_residential5_dishwasher
2016-03-25T18:00:00Z,643.940,2016-03-25T19:00:00+0100,DE_KN_residential5_refrigerator | DE_KN_residential5_washing_machine | DE_KN_residential5_dishwasher
2016-03-25T19:00:00Z,643.940,2016-03-25T20:00:00+0100,DE_KN_residential5_refrigerator | DE_KN_residential5_washing_machine | DE_KN_residential3_washing_machine | DE_KN_residential5_dishwasher
2016-03-25T20:00:00Z,643.940,2016-03-25T21:00:00+0100,DE_KN_residential5_refrigerator | DE_KN_residential5_washing_machine | DE_KN_residential5_dishwasher
2016-03-25T21:00:00Z,643.940,2016-03-25T22:00:00+0100,DE_KN_residential5_refrigerator | DE_KN_residential5_washing_machine | DE_KN_residential3_dishwasher | DE_KN_residential5_dishwasher
2016-03-25T22:00:00Z,643.940,2016-03-25T23:00:00+0100,DE_KN_residential5_refrigerator | DE_KN_residential5_washing_machine | DE_KN_residential5_dishwasher
2016-03-25T23:00:00Z,643.940,2016-03-26T00:00:00+0100,DE_KN_residential5_refrigerator | DE_KN_residential5_washing_machine | DE_KN_residential5_dishwasher
2016-03-26T00:00:00Z,643.940,2016-03-26T01:00:00+0100,DE_KN_residential5_refrigerator | DE_KN_residential5_washing_machine | DE_KN_residential5_dishwasher
2016-03-26T01:00:00Z,643.940,2016-03-26T02:00:00+0100,DE_KN_residential5_refrigerator | DE_KN_residential5_washing_machine | DE_KN_residential3_dishwasher | DE_KN_residential5_dishwasher
2016-03-26T02:00:00Z,643.940,2016-03-26T03:00:00+0100,DE_KN_residential5_refrigerator | DE_KN_residential5_washing_machine | DE_KN_residential5_dishwasher
2016-03-26T03:00:00Z,643.940,2016-03-26T04:00:00+0100,DE_KN_residential5_refrigerator | DE_KN_residential5_washing_machine | DE_KN_residential5_dishwasher
2016-03-26T04:00:00Z,643.940,2016-03-26T05:00:00+0100,DE_KN_residential5_refrigerator | DE_KN_residential5_washing_machine | DE_KN_residential5_dishwasher
2016-03-26T05:00:00Z,643.940,2016-03-26T06:00:00+0100,DE_KN_residential5_refrigerator | DE_KN_residential5_washing_machine | DE_KN_residential3_washing_machine | DE_KN_residential5_dishwasher
2016-03-26T06:00:00Z,644.152,2016-03-26T07:00:00+0100,DE_KN_residential3_washing_machine | DE_KN_residential5_dishwasher | DE_KN_residential5_refrigerator | DE_KN_residential1_washing_machine | DE_KN_residential5_washing_machine
2016-03-26T07:00:00Z,644.817,2016-03-26T08:00:00+0100,DE_KN_residential3_dishwasher | DE_KN_residential5_refrigerator | DE_KN_residential5_dishwasher | DE_KN_residential1_washing_machine | DE_KN_residential5_washing_machine
2016-03-26T08:00:00Z,646.527,2016-03-26T09:00:00+0100,DE_KN_residential5_dishwasher | DE_KN_residential5_refrigerator | DE_KN_residential3_dishwasher | DE_KN_residential1_washing_machine | DE_KN_residential5_washing_machine
2016-03-26T09:00:00Z,649.937,2016-03-26T10:00:00+0100,DE_KN_residential5_refrigerator | DE_KN_residential5_washing_machine | DE_KN_residential1_washing_machine | DE_KN_residential5_dishwasher
2016-03-26T10:00:00Z,654.372,2016-03-26T11:00:00+0100,DE_KN_residential5_refrigerator | DE_KN_residential5_washing_machine | DE_KN_residential3_dishwasher | DE_KN_residential5_dishwasher
2016-03-26T11:00:00Z,659.042,2016-03-26T12:00:00+0100,DE_KN_residential5_refrigerator | DE_KN_residential5_washing_machine | DE_KN_residential5_dishwasher
2016-03-26T12:00:00Z,663.672,2016-03-26T13:00:00+0100,DE_KN_residential5_refrigerator | DE_KN_residential5_washing_machine | DE_KN_residential5_dishwasher
2016-03-26T13:00:00Z,668.039,2016-03-26T14:00:00+0100,DE_KN_residential5_dishwasher | DE_KN_residential5_refrigerator | DE_KN_residential1_washing_machine | DE_KN_residential5_washing_machine | DE_KN_industrial1_grid_import
2016-03-26T14:00:00Z,671.750,2016-03-26T15:00:00+0100,DE_KN_residential1_washing_machine | DE_KN_industrial1_grid_import
2016-03-26T15:00:00Z,674.492,2016-03-26T16:00:00+0100,DE_KN_industrial1_grid_import | DE_KN_residential1_washing_machine
2016-03-26T16:00:00Z,675.990,2016-03-26T17:00:00+0100,DE_KN_industrial1_grid_import | DE_KN_residential5_dishwasher
2016-03-26T17:00:00Z,676.150,2016-03-26T18:00:00+0100,DE_KN_residential3_dishwasher | DE_KN_industrial1_grid_import | DE_KN_residential5_dishwasher
2016-03-26T18:00:00Z,676.150,2016-03-26T19:00:00+0100,DE_KN_residential1_washing_machine | DE_KN_residential1_dishwasher | DE_KN_residential1_freezer | DE_KN_industrial1_grid_import
2016-03-26T19:00:00Z,676.150,2016-03-26T20:00:00+0100,DE_KN_industrial1_grid_import | DE_KN_residential1_dishwasher | DE_KN_residential1_freezer | DE_KN_residential1_washing_machine
2016-03-26T20:00:00Z,676.150,2016-03-26T21:00:00+0100,DE_KN_industrial1_grid_import
2016-03-26T21:00:00Z,676.150,2016-03-26T22:00:00+0100,DE_KN_residential2_freezer | DE_KN_residential3_dishwasher | DE_KN_residential2_dishwasher | DE_KN_residential1_washing_machine | DE_KN_residential2_washing_machine | DE_KN_industrial1_grid_import | DE_KN_residential2_circulation_pump
2016-03-26T22:00:00Z,676.150,2016-03-26T23:00:00+0100,DE_KN_residential1_washing_machine
2016-03-26T23:00:00Z,676.150,2016-03-27T00:00:00+0100,DE_KN_residential1_washing_machine
2016-03-27T00:00:00Z,676.150,2016-03-27T01:00:00+0100,DE_KN_residential1_washing_machine
2016-03-27T01:00:00Z,676.150,2016-03-27T03:00:00+0200,DE_KN_residential1_washing_machine
2016-03-27T02:00:00Z,676.150,2016-03-27T04:00:00+0200,DE_KN_residential1_washing_machine
2016-03-27T03:00:00Z,676.150,2016-03-27T05:00:00+0200,DE_KN_residential1_washing_machine
2016-03-27T04:00:00Z,676.150,2016-03-27T06:00:00+0200,DE_KN_residential1_washing_machine
2016-03-27T05:00:00Z,676.150,2016-03-27T07:00:00+0200,DE_KN_residential1_washing_machine
2016-03-27T06:00:00Z,676.150,2016-03-27T08:00:00+0200,DE_KN_residential1_washing_machine
2016-03-27T07:00:00Z,676.150,2016-03-27T09:00:00+0200,DE_KN_residential1_washing_machine
2016-03-27T08:00:00Z,676.150,2016-03-27T10:00:00+0200,DE_KN_residential3_refrigerator | DE_KN_residential1_washing_machine
2016-03-27T09:00:00Z,676.150,2016-03-27T11:00:00+0200,DE_KN_residential3_refrigerator | DE_KN_residential1_washing_machine
2016-03-27T10:00:00Z,676.150,2016-03-27T12:00:00+0200,DE_KN_industrial1_grid_import | DE_KN_residential1_washing_machine
2016-03-27T11:00:00Z,676.150,2016-03-27T13:00:00+0200,DE_KN_residential5_refrigerator | DE_KN_residential1_washing_machine
2016-03-27T12:00:00Z,676.150,2016-03-27T14:00:00+0200,DE_KN_residential1_washing_machine
2016-03-27T13:00:00Z,676.150,2016-03-27T15:00:00+0200,DE_KN_residential4_grid_import | DE_KN_residential5_refrigerator | DE_KN_residential4_grid_export | DE_KN_residential1_washing_machine | DE_KN_industrial1_grid_import
2016-03-27T14:00:00Z,676.150,2016-03-27T16:00:00+0200,DE_KN_residential1_washing_machine | DE_KN_industrial1_grid_import
2016-03-27T15:00:00Z,676.150,2016-03-27T17:00:00+0200,DE_KN_residential1_washing_machine | DE_KN_residential5_dishwasher
2016-03-27T16:00:00Z,676.150,2016-03-27T18:00:00+0200,DE_KN_residential4_ev | DE_KN_residential1_washing_machine | DE_KN_residential5_dishwasher
2016-03-27T17:00:00Z,676.150,2016-03-27T19:00:00+0200,DE_KN_residential4_ev | DE_KN_industrial1_grid_import
2016-03-27T18:00:00Z,676.150,2016-03-27T20:00:00+0200,DE_KN_residential4_grid_import | DE_KN_residential5_dishwasher | DE_KN_residential4_grid_export | DE_KN_residential4_ev | DE_KN_industrial1_grid_import
2016-03-27T19:00:00Z,676.150,2016-03-27T21:00:00+0200,DE_KN_residential2_freezer | DE_KN_residential3_dishwasher | DE_KN_residential4_grid_import | DE_KN_residential4_grid_export | DE_KN_residential2_dishwasher | DE_KN_residential2_washing_machine | DE_KN_industrial1_grid_import | DE_KN_residential2_circulation_pump
2016-03-27T20:00:00Z,676.150,2016-03-27T22:00:00+0200,DE_KN_residential2_freezer | DE_KN_residential2_dishwasher | DE_KN_residential2_washing_machine | DE_KN_industrial1_grid_import | DE_KN_residential2_circulation_pump
2016-03-27T21:00:00Z,676.150,2016-03-27T23:00:00+0200,DE_KN_residential4_grid_export | DE_KN_industrial1_grid_import | DE_KN_residential4_grid_import
2016-03-27T22:00:00Z,676.150,2016-03-28T00:00:00+0200,DE_KN_industrial1_grid_import
2016-03-27T23:00:00Z,676.150,2016-03-28T01:00:00+0200,DE_KN_residential2_freezer | DE_KN_residential1_freezer | DE_KN_residential3_dishwasher | DE_KN_residential2_dishwasher | DE_KN_residential1_washing_machine | DE_KN_residential2_washing_machine | DE_KN_residential1_dishwasher | DE_KN_industrial1_grid_import | DE_KN_residential2_circulation_pump
2016-03-28T00:00:00Z,676.150,2016-03-28T02:00:00+0200,DE_KN_residential1_freezer | DE_KN_residential5_dishwasher | DE_KN_residential1_washing_machine | DE_KN_residential1_dishwasher | DE_KN_industrial1_grid_import
2016-03-28T01:00:00Z,676.150,2016-03-28T03:00:00+0200,DE_KN_residential4_grid_export | DE_KN_residential4_grid_import | DE_KN_industrial1_grid_import | DE_KN_residential5_dishwasher
2016-03-28T02:00:00Z,676.150,2016-03-28T04:00:00+0200,DE_KN_residential1_washing_machine | DE_KN_industrial1_grid_import
2016-03-28T03:00:00Z,676.150,2016-03-28T05:00:00+0200,DE_KN_residential1_washing_machine | DE_KN_industrial1_grid_import | DE_KN_residential3_dishwasher
2016-03-28T04:00:00Z,676.150,2016-03-28T06:00:00+0200,DE_KN_residential1_washing_machine
2016-03-28T05:00:00Z,676.159,2016-03-28T07:00:00+0200,DE_KN_industrial1_grid_import | DE_KN_residential4_grid_export | DE_KN_residential1_washing_machine | DE_KN_residential4_grid_import
2016-03-28T06:00:00Z,676.482,2016-03-28T08:00:00+0200,DE_KN_industrial1_grid_import | DE_KN_residential4_grid_export | DE_KN_residential1_washing_machine | DE_KN_residential4_grid_import
2016-03-28T07:00:00Z,677.454,2016-03-28T09:00:00+0200,DE_KN_residential1_washing_machine | DE_KN_residential3_dishwasher
2016-03-28T08:00:00Z,679.232,2016-03-28T10:00:00+0200,DE_KN_residential1_freezer | DE_KN_residential3_dishwasher | DE_KN_residential1_washing_machine | DE_KN_residential1_dishwasher | DE_KN_industrial1_grid_import
2016-03-28T09:00:00Z,681.234,2016-03-28T11:00:00+0200,DE_KN_industrial1_grid_import
2016-03-28T10:00:00Z,683.407,2016-03-28T12:00:00+0200,DE_KN_industrial1_grid_import
2016-03-28T11:00:00Z,685.544,2016-03-28T13:00:00+0200,DE_KN_industrial1_grid_import | DE_KN_residential3_dishwasher
2016-03-28T12:00:00Z,687.444,2016-03-28T14:00:00+0200,DE_KN_residential1_washing_machine | DE_KN_residential5_dishwasher | DE_KN_industrial1_grid_import | DE_KN_residential3_dishwasher
2016-03-28T13:00:00Z,690.342,2016-03-28T15:00:00+0200,DE_KN_residential1_washing_machine | DE_KN_industrial1_grid_import
2016-03-28T14:00:00Z,693.937,2016-03-28T16:00:00+0200,DE_KN_residential1_washing_machine | DE_KN_residential1_dishwasher | DE_KN_residential1_freezer | DE_KN_industrial1_grid_import
2016-03-28T15:00:00Z,696.772,2016-03-28T17:00:00+0200,DE_KN_residential1_washing_machine | DE_KN_industrial1_grid_import
2016-03-28T16:00:00Z,698.350,2016-03-28T18:00:00+0200,DE_KN_residential1_washing_machine
2016-03-28T17:00:00Z,698.549,2016-03-28T19:00:00+0200,DE_KN_residential1_washing_machine
2016-03-28T18:00:00Z,698.549,2016-03-28T20:00:00+0200,DE_KN_residential1_washing_machine
2016-03-28T19:00:00Z,698.549,2016-03-28T21:00:00+0200,DE_KN_residential1_washing_machine
2016-03-28T20:00:00Z,698.549,2016-03-28T22:00:00+0200,DE_KN_industrial1_grid_import | DE_KN_residential1_washing_machine
2016-03-28T21:00:00Z,698.549,2016-03-28T23:00:00+0200,DE_KN_residential1_washing_machine
2016-03-28T22:00:00Z,698.549,2016-03-29T00:00:00+0200,DE_KN_residential1_washing_machine
2016-03-28T23:00:00Z,698.549,2016-03-29T01:00:00+0200,DE_KN_residential1_washing_machine
2016-03-29T00:00:00Z,698.549,2016-03-29T02:00:00+0200,DE_KN_residential1_washing_machine
2016-03-29T01:00:00Z,698.549,2016-03-29T03:00:00+0200,DE_KN_residential1_washing_machine
2016-03-29T02:00:00Z,698.549,2016-03-29T04:00:00+0200,DE_KN_residential1_washing_machine
2016-03-29T03:00:00Z,698.549,2016-03-29T05:00:00+0200,DE_KN_residential1_washing_machine
2016-03-29T04:00:00Z,698.549,2016-03-29T06:00:00+0200,DE_KN_industrial1_grid_import | DE_KN_residential1_washing_machine | DE_KN_residential3_dishwasher
2016-03-29T05:00:00Z,698.549,2016-03-29T07:00:00+0200,DE_KN_industrial1_grid_import
2016-03-29T06:00:00Z,698.847,2016-03-29T08:00:00+0200,DE_KN_industrial1_grid_import | DE_KN_residential3_dishwasher
2016-03-29T07:00:00Z,699.504,2016-03-29T09:00:00+0200,DE_KN_industrial1_grid_import
2016-03-29T08:00:00Z,701.897,2016-03-29T10:00:00+0200,DE_KN_residential2_freezer | DE_KN_residential2_dishwasher | DE_KN_residential2_washing_machine | DE_KN_industrial1_grid_import | DE_KN_residential2_circulation_pump
2016-03-29T09:00:00Z,704.782,2016-03-29T11:00:00+0200,DE_KN_industrial1_grid_import
2016-03-29T10:00:00Z,708.764,2016-03-29T12:00:00+0200,DE_KN_residential1_washing_machine | DE_KN_industrial1_grid_import | DE_KN_residential3_dishwasher
2016-03-29T11:00:00Z,712.925,2016-03-29T13:00:00+0200,DE_KN_residential3_dishwasher | DE_KN_residential6_dishwasher | DE_KN_residential6_washing_machine | DE_KN_industrial1_grid_import | DE_KN_residential6_grid_import | DE_KN_residential6_freezer
2016-03-29T12:00:00Z,716.789,2016-03-29T14:00:00+0200,DE_KN_residential2_freezer | DE_KN_residential5_dishwasher | DE_KN_residential6_dishwasher | DE_KN_residential6_washing_machine | DE_KN_residential6_grid_import | DE_KN_residential2_dishwasher | DE_KN_residential2_washing_machine | DE_KN_residential6_freezer | DE_KN_residential2_circulation_pump
2016-03-29T13:00:00Z,720.417,2016-03-29T15:00:00+0200,DE_KN_residential5_dishwasher | DE_KN_residential3_dishwasher | DE_KN_residential6_dishwasher | DE_KN_residential6_washing_machine | DE_KN_residential6_grid_import | DE_KN_residential6_freezer
2016-03-29T14:00:00Z,723.245,2016-03-29T16:00:00+0200,DE_KN_residential3_dishwasher | DE_KN_residential6_dishwasher | DE_KN_residential6_washing_machine | DE_KN_residential6_grid_import | DE_KN_residential6_freezer
2016-03-29T15:00:00Z,724.665,2016-03-29T17:00:00+0200,DE_KN_residential4_grid_import | DE_KN_residential4_grid_export | DE_KN_residential6_dishwasher | DE_KN_residential6_washing_machine | DE_KN_residential6_grid_import | DE_KN_residential6_freezer
2016-03-29T16:00:00Z,724.940,2016-03-29T18:00:00+0200,DE_KN_residential4_grid_import | DE_KN_residential4_grid_export | DE_KN_residential6_dishwasher | DE_KN_residential6_washing_machine | DE_KN_residential6_grid_import | DE_KN_residential6_freezer
2016-03-29T17:00:00Z,724.940,2016-03-29T19:00:00+0200,DE_KN_residential4_grid_import | DE_KN_residential4_grid_export | DE_KN_residential6_dishwasher | DE_KN_residential6_washing_machine | DE_KN_residential6_grid_import | DE_KN_residential6_freezer
2016-03-29T18:00:00Z,724.940,2016-03-29T20:00:00+0200,DE_KN_residential4_grid_import | DE_KN_residential3_dishwasher | DE_KN_residential4_grid_export | DE_KN_residential6_dishwasher | DE_KN_residential6_washing_machine | DE_KN_residential6_grid_import | DE_KN_residential6_freezer
2016-03-29T19:00:00Z,724.940,2016-03-29T21:00:00+0200,DE_KN_residential1_freezer | DE_KN_residential6_dishwasher | DE_KN_residential6_washing_machine | DE_KN_residential6_grid_import | DE_KN_residential1_washing_machine | DE_KN_residential1_dishwasher | DE_KN_residential6_freezer
2016-03-29T20:00:00Z,724.940,2016-03-29T22:00:00+0200,DE_KN_residential6_dishwasher | DE_KN_residential6_grid_import | DE_KN_residential6_freezer | DE_KN_residential6_washing_machine
2016-03-29T21:00:00Z,724.940,2016-03-29T23:00:00+0200,DE_KN_residential2_freezer | DE_KN_residential6_dishwasher | DE_KN_residential6_washing_machine | DE_KN_residential6_grid_import | DE_KN_residential2_dishwasher | DE_KN_residential2_washing_machine | DE_KN_residential6_freezer | DE_KN_residential2_circulation_pump
2016-03-29T22:00:00Z,724.940,2016-03-30T00:00:00+0200,DE_KN_residential2_freezer | DE_KN_residential3_dishwasher | DE_KN_residential6_dishwasher | DE_KN_residential6_washing_machine | DE_KN_residential6_grid_import | DE_KN_residential2_dishwasher | DE_KN_residential2_washing_machine | DE_KN_residential6_freezer | DE_KN_residential2_circulation_pump
2016-03-29T23:00:00Z,724.940,2016-03-30T01:00:00+0200,DE_KN_residential1_freezer | DE_KN_residential6_dishwasher | DE_KN_residential6_washing_machine | DE_KN_residential6_grid_import | DE_KN_residential1_washing_machine | DE_KN_residential1_dishwasher | DE_KN_residential6_freezer
2016-03-30T00:00:00Z,724.940,2016-03-30T02:00:00+0200,DE_KN_residential3_washing_machine | DE_KN_residential1_freezer | DE_KN_residential6_dishwasher | DE_KN_residential6_washing_machine | DE_KN_residential6_grid_import | DE_KN_residential1_washing_machine | DE_KN_residential1_dishwasher | DE_KN_residential6_freezer
2016-03-30T01:00:00Z,724.940,2016-03-30T03:00:00+0200,DE_KN_residential3_washing_machine | DE_KN_residential2_freezer | DE_KN_residential5_dishwasher | DE_KN_residential6_dishwasher | DE_KN_residential6_washing_machine | DE_KN_residential2_dishwasher | DE_KN_residential6_grid_import | DE_KN_residential2_washing_machine | DE_KN_residential6_freezer | DE_KN_residential2_circulation_pump
2016-03-30T02:00:00Z,724.940,2016-03-30T04:00:00+0200,DE_KN_residential3_dishwasher | DE_KN_residential6_dishwasher | DE_KN_residential6_washing_machine | DE_KN_residential6_grid_import | DE_KN_residential6_freezer
2016-03-30T03:00:00Z,724.940,2016-03-30T05:00:00+0200,DE_KN_residential3_dishwasher | DE_KN_residential6_dishwasher | DE_KN_residential6_washing_machine | DE_KN_residential6_grid_import | DE_KN_residential6_freezer
2016-03-30T04:00:00Z,724.940,2016-03-30T06:00:00+0200,DE_KN_residential5_dishwasher | DE_KN_residential6_dishwasher | DE_KN_residential6_washing_machine | DE_KN_residential6_grid_import | DE_KN_residential6_freezer
2016-03-30T05:00:00Z,724.940,2016-03-30T07:00:00+0200,DE_KN_residential4_grid_import | DE_KN_residential4_grid_export | DE_KN_residential6_dishwasher | DE_KN_residential6_washing_machine | DE_KN_residential6_grid_import | DE_KN_residential6_freezer
2016-03-30T06:00:00Z,724.940,2016-03-30T08:00:00+0200,DE_KN_residential5_dishwasher | DE_KN_residential6_dishwasher | DE_KN_residential6_washing_machine | DE_KN_residential6_grid_import | DE_KN_residential6_freezer
2016-03-30T07:00:00Z,724.940,2016-03-30T09:00:00+0200,DE_KN_residential2_freezer | DE_KN_residential3_dishwasher | DE_KN_residential5_dishwasher | DE_KN_residential6_dishwasher | DE_KN_residential6_washing_machine | DE_KN_industrial1_grid_import | DE_KN_residential2_dishwasher | DE_KN_residential6_grid_import | DE_KN_residential2_washing_machine | DE_KN_residential6_freezer | DE_KN_residential2_circulation_pump
2016-03-30T08:00:00Z,724.940,2016-03-30T10:00:00+0200,DE_KN_industrial1_grid_import
2016-03-30T09:00:00Z,724.940,2016-03-30T11:00:00+0200,DE_KN_industrial1_grid_import
2016-03-30T10:00:00Z,724.940,2016-03-30T12:00:00+0200,DE_KN_residential2_freezer | DE_KN_residential2_dishwasher | DE_KN_residential2_washing_machine | DE_KN_industrial1_grid_import | DE_KN_residential2_circulation_pump
2016-03-30T11:00:00Z,724.940,2016-03-30T13:00:00+0200,DE_KN_industrial1_grid_import | DE_KN_residential3_dishwasher
2016-03-30T12:00:00Z,724.940,2016-03-30T14:00:00+0200,DE_KN_residential2_freezer | DE_KN_residential2_dishwasher | DE_KN_residential2_washing_machine | DE_KN_industrial1_grid_import | DE_KN_residential2_circulation_pump
2016-03-30T13:00:00Z,724.940,2016-03-30T15:00:00+0200,DE_KN_residential2_freezer | DE_KN_residential3_dishwasher | DE_KN_residential2_dishwasher | DE_KN_residential2_washing_machine | DE_KN_industrial1_grid_import | DE_KN_residential2_circulation_pump
2016-03-30T14:00:00Z,724.940,2016-03-30T16:00:00+0200,DE_KN_industrial1_grid_import | DE_KN_residential3_dishwasher
2016-03-30T15:00:00Z,724.940,2016-03-30T17:00:00+0200,DE_KN_industrial1_grid_import
2016-03-30T16:00:00Z,724.940,2016-03-30T18:00:00+0200,DE_KN_residential4_grid_export | DE_KN_residential5_dishwasher | DE_KN_industrial1_grid_import | DE_KN_residential4_grid_import
2016-03-30T17:00:00Z,724.940,2016-03-30T19:00:00+0200,DE_KN_residential3_dishwasher | DE_KN_industrial1_grid_import | DE_KN_residential5_dishwasher
2016-03-30T18:00:00Z,724.940,2016-03-30T20:00:00+0200,DE_KN_residential4_grid_import | DE_KN_residential3_dishwasher | DE_KN_residential4_dishwasher | DE_KN_residential4_grid_export | DE_KN_residential4_ev | DE_KN_industrial1_grid_import
2016-03-30T19:00:00Z,724.940,2016-03-30T21:00:00+0200,DE_KN_industrial1_grid_import
2016-03-30T20:00:00Z,724.940,2016-03-30T22:00:00+0200,DE_KN_residential2_freezer | DE_KN_residential2_dishwasher | DE_KN_residential2_washing_machine | DE_KN_industrial1_grid_import | DE_KN_residential2_circulation_pump
2016-03-30T21:00:00Z,724.940,2016-03-30T23:00:00+0200,DE_KN_residential2_freezer | DE_KN_residential1_freezer | DE_KN_residential5_dishwasher | DE_KN_residential4_grid_import | DE_KN_residential4_grid_export | DE_KN_residential2_dishwasher | DE_KN_residential1_washing_machine | DE_KN_residential2_washing_machine | DE_KN_residential1_dishwasher | DE_KN_residential2_circulation_pump
2016-03-30T22:00:00Z,724.940,2016-03-31T00:00:00+0200,DE_KN_industrial1_grid_import | DE_KN_residential1_dishwasher | DE_KN_residential1_freezer | DE_KN_residential1_washing_machine
2016-03-30T23:00:00Z,724.940,2016-03-31T01:00:00+0200,DE_KN_residential2_freezer | DE_KN_residential3_dishwasher | DE_KN_residential2_dishwasher | DE_KN_residential1_washing_machine | DE_KN_residential2_washing_machine | DE_KN_industrial1_grid_import | DE_KN_residential2_circulation_pump
2016-03-31T00:00:00Z,724.940,2016-03-31T02:00:00+0200,DE_KN_residential2_freezer | DE_KN_residential3_dishwasher | DE_KN_residential5_dishwasher | DE_KN_residential2_dishwasher | DE_KN_residential4_ev | DE_KN_residential1_washing_machine | DE_KN_residential2_washing_machine | DE_KN_industrial1_grid_import | DE_KN_residential2_circulation_pump
2016-03-31T01:00:00Z,724.940,2016-03-31T03:00:00+0200,DE_KN_industrial1_grid_import
2016-03-31T02:00:00Z,724.940,2016-03-31T04:00:00+0200,DE_KN_residential1_freezer | DE_KN_residential5_dishwasher | DE_KN_residential1_washing_machine | DE_KN_residential1_dishwasher | DE_KN_industrial1_grid_import
2016-03-31T03:00:00Z,724.940,2016-03-31T05:00:00+0200,DE_KN_residential1_freezer | DE_KN_residential2_freezer | DE_KN_residential5_dishwasher | DE_KN_residential2_dishwasher | DE_KN_residential1_washing_machine | DE_KN_residential2_washing_machine | DE_KN_residential1_dishwasher | DE_KN_industrial1_grid_import | DE_KN_residential2_circulation_pump
2016-03-31T04:00:00Z,724.940,2016-03-31T06:00:00+0200,DE_KN_residential3_dishwasher | DE_KN_industrial1_grid_import | DE_KN_residential5_dishwasher
2016-03-31T05:00:00Z,724.960,2016-03-31T07:00:00+0200,DE_KN_residential4_grid_export | DE_KN_residential4_grid_import | DE_KN_industrial1_grid_import | DE_KN_residential3_dishwasher
2016-03-31T06:00:00Z,725.339,2016-03-31T08:00:00+0200,DE_KN_industrial1_grid_import
2016-03-31T07:00:00Z,726.864,2016-03-31T09:00:00+0200,DE_KN_industrial1_grid_import | DE_KN_residential5_dishwasher
2016-03-31T08:00:00Z,729.637,2016-03-31T10:00:00+0200,DE_KN_residential1_freezer | DE_KN_industrial1_grid_import
2016-03-31T09:00:00Z,733.339,2016-03-31T11:00:00+0200,DE_KN_residential1_freezer | DE_KN_residential2_freezer | DE_KN_residential5_dishwasher | DE_KN_residential2_dishwasher | DE_KN_residential2_washing_machine | DE_KN_industrial1_grid_import | DE_KN_residential2_circulation_pump
2016-03-31T10:00:00Z,737.472,2016-03-31T12:00:00+0200,DE_KN_residential4_grid_export | DE_KN_residential4_grid_import | DE_KN_industrial1_grid_import | DE_KN_residential5_dishwasher
2016-03-31T11:00:00Z,741.487,2016-03-31T13:00:00+0200,DE_KN_residential1_washing_machine | DE_KN_residential1_dishwasher | DE_KN_residential1_freezer | DE_KN_industrial1_grid_import
2016-03-31T12:00:00Z,744.730,2016-03-31T14:00:00+0200,DE_KN_residential1_freezer | DE_KN_residential2_freezer | DE_KN_residential3_refrigerator | DE_KN_residential2_dishwasher | DE_KN_residential1_washing_machine | DE_KN_residential2_washing_machine | DE_KN_residential1_dishwasher | DE_KN_industrial1_grid_import | DE_KN_residential2_circulation_pump
2016-03-31T13:00:00Z,747.092,2016-03-31T15:00:00+0200,DE_KN_industrial1_grid_import | DE_KN_residential3_dishwasher
2016-03-31T14:00:00Z,749.135,2016-03-31T16:00:00+0200,DE_KN_residential3_refrigerator | DE_KN_industrial1_grid_import | DE_KN_residential5_dishwasher
2016-03-31T15:00:00Z,751.045,2016-03-31T17:00:00+0200,DE_KN_residential3_refrigerator | DE_KN_residential4_grid_export | DE_KN_industrial1_grid_import | DE_KN_residential4_grid_import
2016-03-31T16:00:00Z,751.935,2016-03-31T18:00:00+0200,DE_KN_industrial1_grid_import | DE_KN_residential3_dishwasher
2016-03-31T17:00:00Z,752.009,2016-03-31T19:00:00+0200,DE_KN_industrial1_grid_import | DE_KN_residential3_dishwasher
2016-03-31T18:00:00Z,752.009,2016-03-31T20:00:00+0200,DE_KN_residential5_refrigerator | DE_KN_residential5_washing_machine | DE_KN_industrial1_grid_import | DE_KN_residential5_dishwasher
2016-03-31T19:00:00Z,752.009,2016-03-31T21:00:00+0200,DE_KN_residential4_grid_import | DE_KN_residential5_refrigerator | DE_KN_residential5_dishwasher | DE_KN_residential4_grid_export | DE_KN_residential5_washing_machine | DE_KN_industrial1_grid_import
2016-03-31T20:00:00Z,752.009,2016-03-31T22:00:00+0200,DE_KN_residential2_freezer | DE_KN_residential3_dishwasher | DE_KN_residential2_dishwasher | DE_KN_residential2_washing_machine | DE_KN_industrial1_grid_import | DE_KN_residential2_circulation_pump
2016-03-31T21:00:00Z,752.009,2016-03-31T23:00:00+0200,DE_KN_industrial1_grid_import
2016-03-31T22:00:00Z,752.009,2016-04-01T00:00:00+0200,DE_KN_residential3_washing_machine | DE_KN_residential2_freezer | DE_KN_residential2_dishwasher | DE_KN_residential2_washing_machine | DE_KN_industrial1_grid_import | DE_KN_residential2_circulation_pump
2016-03-31T23:00:00Z,752.009,2016-04-01T01:00:00+0200,DE_KN_residential2_freezer | DE_KN_residential3_dishwasher | DE_KN_residential2_dishwasher | DE_KN_residential2_washing_machine | DE_KN_industrial1_grid_import | DE_KN_residential2_circulation_pump
